# POINTS: 69 121
0.436332 1.39626 135830 135830
0.440696 1.39626 128110 128110
0.445059 1.39626 117900 117900
0.449422 1.39626 103590 103590
0.453786 1.39626 88830  88830
0.458149 1.39626 78570  78570
0.462512 1.39626 73760  73760
0.466876 1.39626 72340  72340
0.471239 1.39626 72000  72000
0.475602 1.39626 71210  71210
0.479966 1.39626 69370  69370
0.484329 1.39626 66330  66330
0.488692 1.39626 62090  62090
0.493056 1.39626 57110  57110
0.497419 1.39626 52630  52630
0.501782 1.39626 49740  49740
0.506145 1.39626 48420  48420
0.510509 1.39626 48010  48010
0.514872 1.39626 47960  47960
0.519235 1.39626 47930  47930
0.523599 1.39626 47930  47930
0.527962 1.39626 48530  48530
0.532325 1.39626 50690  50690
0.536689 1.39626 54680  54680
0.541052 1.39626 59290  59290
0.545415 1.39626 62910  62910
0.549779 1.39626 64760  64760
0.554142 1.39626 64570  64570
0.558505 1.39626 62090  62090
0.562869 1.39626 57740  57740
0.567232 1.39626 53180  53180
0.571595 1.39626 50020  50020
0.575959 1.39626 48510  48510
0.580322 1.39626 48020  48020
0.584685 1.39626 47960  47960
0.589049 1.39626 47980  47980
0.593412 1.39626 48000  48000
0.597775 1.39626 48000  48000
0.602139 1.39626 48000  48000
0.606502 1.39626 48000  48000
0.610865 1.39626 48000  48000
0.615229 1.39626 48000  48000
0.619592 1.39626 48000  48000
0.623955 1.39626 48000  48000
0.628319 1.39626 48000  48000
0.632682 1.39626 48000  48000
0.637045 1.39626 48000  48000
0.641409 1.39626 48000  48000
0.645772 1.39626 48000  48000
0.650135 1.39626 48000  48000
0.654498 1.39626 48000  48000
0.658862 1.39626 48000  48000
0.663225 1.39626 48000  48000
0.667588 1.39626 48000  48000
0.671952 1.39626 48000  48000
0.676315 1.39626 48000  48000
0.680678 1.39626 48000  48000
0.685042 1.39626 48000  48000
0.689405 1.39626 48000  48000
0.693768 1.39626 48000  48000
0.698132 1.39626 48000  48000
0.702495 1.39626 48000  48000
0.706858 1.39626 48000  48000
0.711222 1.39626 48000  48000
0.715585 1.39626 48000  48000
0.719948 1.39626 47980  47980
0.724312 1.39626 47960  47960
0.728675 1.39626 48040  48040
0.733038 1.39626 48440  48440
0.436332 1.40063 149330 149330
0.440696 1.40063 143750 143750
0.445059 1.40063 134750 134750
0.449422 1.40063 121160 121160
0.453786 1.40063 105280 105280
0.458149 1.40063 91190  91190
0.462512 1.40063 81690  81690
0.466876 1.40063 77130  77130
0.471239 1.40063 75380  75380
0.475602 1.40063 73990  73990
0.479966 1.40063 71840  71840
0.484329 1.40063 68730  68730
0.488692 1.40063 64660  64660
0.493056 1.40063 59890  59890
0.497419 1.40063 55190  55190
0.501782 1.40063 51470  51470
0.506145 1.40063 49160  49160
0.510509 1.40063 48160  48160
0.514872 1.40063 47940  47940
0.519235 1.40063 47910  47910
0.523599 1.40063 47920  47920
0.527962 1.40063 48550  48550
0.532325 1.40063 50840  50840
0.536689 1.40063 55080  55080
0.541052 1.40063 59980  59980
0.545415 1.40063 63850  63850
0.549779 1.40063 65940  65940
0.554142 1.40063 66100  66100
0.558505 1.40063 64180  64180
0.562869 1.40063 60420  60420
0.567232 1.40063 55900  55900
0.571595 1.40063 51950  51950
0.575959 1.40063 49370  49370
0.580322 1.40063 48210  48210
0.584685 1.40063 47940  47940
0.589049 1.40063 47970  47970
0.593412 1.40063 48000  48000
0.597775 1.40063 48000  48000
0.602139 1.40063 48000  48000
0.606502 1.40063 48000  48000
0.610865 1.40063 48000  48000
0.615229 1.40063 48000  48000
0.619592 1.40063 48000  48000
0.623955 1.40063 48000  48000
0.628319 1.40063 48000  48000
0.632682 1.40063 48000  48000
0.637045 1.40063 48000  48000
0.641409 1.40063 48000  48000
0.645772 1.40063 48000  48000
0.650135 1.40063 48000  48000
0.654498 1.40063 48000  48000
0.658862 1.40063 48000  48000
0.663225 1.40063 48000  48000
0.667588 1.40063 48000  48000
0.671952 1.40063 48000  48000
0.676315 1.40063 48000  48000
0.680678 1.40063 48000  48000
0.685042 1.40063 48000  48000
0.689405 1.40063 48000  48000
0.693768 1.40063 48000  48000
0.698132 1.40063 48000  48000
0.702495 1.40063 48000  48000
0.706858 1.40063 48000  48000
0.711222 1.40063 48000  48000
0.715585 1.40063 48000  48000
0.719948 1.40063 47960  47960
0.724312 1.40063 47920  47920
0.728675 1.40063 48180  48180
0.733038 1.40063 49240  49240
0.436332 1.40499 154890 154890
0.440696 1.40499 150700 150700
0.445059 1.40499 144270 144270
0.449422 1.40499 134460 134460
0.453786 1.40499 121150 121150
0.458149 1.40499 106240 106240
0.462512 1.40499 93630  93630
0.466876 1.40499 85840  85840
0.471239 1.40499 81590  81590
0.475602 1.40499 78370  78370
0.479966 1.40499 75020  75020
0.484329 1.40499 71420  71420
0.488692 1.40499 67480  67480
0.493056 1.40499 63010  63010
0.497419 1.40499 58140  58140
0.501782 1.40499 53500  53500
0.506145 1.40499 50060  50060
0.510509 1.40499 48360  48360
0.514872 1.40499 47910  47910
0.519235 1.40499 47870  47870
0.523599 1.40499 47900  47900
0.527962 1.40499 48550  48550
0.532325 1.40499 50920  50920
0.536689 1.40499 55360  55360
0.541052 1.40499 60550  60550
0.545415 1.40499 64730  64730
0.549779 1.40499 67130  67130
0.554142 1.40499 67700  67700
0.558505 1.40499 66380  66380
0.562869 1.40499 63270  63270
0.567232 1.40499 58830  58830
0.571595 1.40499 54040  54040
0.575959 1.40499 50310  50310
0.580322 1.40499 48420  48420
0.584685 1.40499 47910  47910
0.589049 1.40499 47930  47930
0.593412 1.40499 47990  47990
0.597775 1.40499 48010  48010
0.602139 1.40499 48000  48000
0.606502 1.40499 48000  48000
0.610865 1.40499 48000  48000
0.615229 1.40499 48000  48000
0.619592 1.40499 48000  48000
0.623955 1.40499 48000  48000
0.628319 1.40499 48000  48000
0.632682 1.40499 48000  48000
0.637045 1.40499 48000  48000
0.641409 1.40499 48000  48000
0.645772 1.40499 48000  48000
0.650135 1.40499 48000  48000
0.654498 1.40499 48000  48000
0.658862 1.40499 48000  48000
0.663225 1.40499 48000  48000
0.667588 1.40499 48000  48000
0.671952 1.40499 48000  48000
0.676315 1.40499 48000  48000
0.680678 1.40499 48000  48000
0.685042 1.40499 48000  48000
0.689405 1.40499 48000  48000
0.693768 1.40499 48000  48000
0.698132 1.40499 48000  48000
0.702495 1.40499 48000  48000
0.706858 1.40499 48000  48000
0.711222 1.40499 48000  48000
0.715585 1.40499 47980  47980
0.719948 1.40499 47910  47910
0.724312 1.40499 47890  47890
0.728675 1.40499 48410  48410
0.733038 1.40499 50350  50350
0.436332 1.40935 157000 157000
0.440696 1.40935 153490 153490
0.445059 1.40935 148940 148940
0.449422 1.40935 142490 142490
0.453786 1.40935 132910 132910
0.458149 1.40935 120520 120520
0.462512 1.40935 108220 108220
0.466876 1.40935 98550  98550
0.471239 1.40935 91310  91310
0.475602 1.40935 85190  85190
0.479966 1.40935 79810  79810
0.484329 1.40935 75230  75230
0.488692 1.40935 71010  71010
0.493056 1.40935 66410  66410
0.497419 1.40935 61090  61090
0.501782 1.40935 55580  55580
0.506145 1.40935 51180  51180
0.510509 1.40935 48790  48790
0.514872 1.40935 48000  48000
0.519235 1.40935 47830  47830
0.523599 1.40935 47820  47820
0.527962 1.40935 48470  48470
0.532325 1.40935 50920  50920
0.536689 1.40935 55660  55660
0.541052 1.40935 61560  61560
0.545415 1.40935 66760  66760
0.549779 1.40935 70160  70160
0.554142 1.40935 71340  71340
0.558505 1.40935 70140  70140
0.562869 1.40935 66750  66750
0.567232 1.40935 61660  61660
0.571595 1.40935 55910  55910
0.575959 1.40935 51240  51240
0.580322 1.40935 48720  48720
0.584685 1.40935 47930  47930
0.589049 1.40935 47870  47870
0.593412 1.40935 47940  47940
0.597775 1.40935 47990  47990
0.602139 1.40935 48000  48000
0.606502 1.40935 48000  48000
0.610865 1.40935 48000  48000
0.615229 1.40935 48000  48000
0.619592 1.40935 48000  48000
0.623955 1.40935 48000  48000
0.628319 1.40935 48000  48000
0.632682 1.40935 48000  48000
0.637045 1.40935 48000  48000
0.641409 1.40935 48000  48000
0.645772 1.40935 48000  48000
0.650135 1.40935 48000  48000
0.654498 1.40935 48000  48000
0.658862 1.40935 48000  48000
0.663225 1.40935 48000  48000
0.667588 1.40935 48000  48000
0.671952 1.40935 48000  48000
0.676315 1.40935 48000  48000
0.680678 1.40935 48000  48000
0.685042 1.40935 48000  48000
0.689405 1.40935 48000  48000
0.693768 1.40935 48000  48000
0.698132 1.40935 48000  48000
0.702495 1.40935 48000  48000
0.706858 1.40935 48000  48000
0.711222 1.40935 47990  47990
0.715585 1.40935 47960  47960
0.719948 1.40935 47910  47910
0.724312 1.40935 48040  48040
0.728675 1.40935 49040  49040
0.733038 1.40935 51970  51970
0.436332 1.41372 158370 158370
0.440696 1.41372 155120 155120
0.445059 1.41372 151370 151370
0.449422 1.41372 146700 146700
0.453786 1.41372 140160 140160
0.458149 1.41372 131480 131480
0.462512 1.41372 121680 121680
0.466876 1.41372 111960 111960
0.471239 1.41372 102810 102810
0.475602 1.41372 94410  94410
0.479966 1.41372 87290  87290
0.484329 1.41372 81660  81660
0.488692 1.41372 76610  76610
0.493056 1.41372 71030  71030
0.497419 1.41372 64690  64690
0.501782 1.41372 58320  58320
0.506145 1.41372 53150  53150
0.510509 1.41372 49940  49940
0.514872 1.41372 48450  48450
0.519235 1.41372 47880  47880
0.523599 1.41372 47720  47720
0.527962 1.41372 48330  48330
0.532325 1.41372 50960  50960
0.536689 1.41372 56460  56460
0.541052 1.41372 64180  64180
0.545415 1.41372 72190  72190
0.549779 1.41372 78230  78230
0.554142 1.41372 80550  80550
0.558505 1.41372 78570  78570
0.562869 1.41372 73070  73070
0.567232 1.41372 65790  65790
0.571595 1.41372 58640  58640
0.575959 1.41372 53130  53130
0.580322 1.41372 49840  49840
0.584685 1.41372 48340  48340
0.589049 1.41372 47870  47870
0.593412 1.41372 47850  47850
0.597775 1.41372 47940  47940
0.602139 1.41372 47990  47990
0.606502 1.41372 48000  48000
0.610865 1.41372 48000  48000
0.615229 1.41372 48000  48000
0.619592 1.41372 48000  48000
0.623955 1.41372 48000  48000
0.628319 1.41372 48000  48000
0.632682 1.41372 48000  48000
0.637045 1.41372 48000  48000
0.641409 1.41372 48000  48000
0.645772 1.41372 48000  48000
0.650135 1.41372 48000  48000
0.654498 1.41372 48000  48000
0.658862 1.41372 48000  48000
0.663225 1.41372 48000  48000
0.667588 1.41372 48000  48000
0.671952 1.41372 48000  48000
0.676315 1.41372 48000  48000
0.680678 1.41372 48000  48000
0.685042 1.41372 48000  48000
0.689405 1.41372 48000  48000
0.693768 1.41372 48000  48000
0.698132 1.41372 48000  48000
0.702495 1.41372 48000  48000
0.706858 1.41372 48000  48000
0.711222 1.41372 47980  47980
0.715585 1.41372 47940  47940
0.719948 1.41372 48030  48030
0.724312 1.41372 48690  48690
0.728675 1.41372 50660  50660
0.733038 1.41372 54740  54740
0.436332 1.41808 159610 159610
0.440696 1.41808 156550 156550
0.445059 1.41808 153070 153070
0.449422 1.41808 149100 149100
0.453786 1.41808 144260 144260
0.458149 1.41808 138220 138220
0.462512 1.41808 130900 130900
0.466876 1.41808 122490 122490
0.471239 1.41808 113560 113560
0.475602 1.41808 104920 104920
0.479966 1.41808 97470  97470
0.484329 1.41808 91320  91320
0.488692 1.41808 85290  85290
0.493056 1.41808 78190  78190
0.497419 1.41808 70310  70310
0.501782 1.41808 62820  62820
0.506145 1.41808 56650  56650
0.510509 1.41808 52230  52230
0.514872 1.41808 49620  49620
0.519235 1.41808 48390  48390
0.523599 1.41808 48010  48010
0.527962 1.41808 48730  48730
0.532325 1.41808 52020  52020
0.536689 1.41808 59210  59210
0.541052 1.41808 70120  70120
0.545415 1.41808 82540  82540
0.549779 1.41808 92450  92450
0.554142 1.41808 96260  96260
0.558505 1.41808 92910  92910
0.562869 1.41808 84140  84140
0.567232 1.41808 73800  73800
0.571595 1.41808 65080  65080
0.575959 1.41808 58540  58540
0.580322 1.41808 53600  53600
0.584685 1.41808 50170  50170
0.589049 1.41808 48390  48390
0.593412 1.41808 47880  47880
0.597775 1.41808 47890  47890
0.602139 1.41808 47960  47960
0.606502 1.41808 47990  47990
0.610865 1.41808 48000  48000
0.615229 1.41808 48000  48000
0.619592 1.41808 48000  48000
0.623955 1.41808 48000  48000
0.628319 1.41808 48000  48000
0.632682 1.41808 48000  48000
0.637045 1.41808 48000  48000
0.641409 1.41808 48000  48000
0.645772 1.41808 48000  48000
0.650135 1.41808 48000  48000
0.654498 1.41808 48000  48000
0.658862 1.41808 48000  48000
0.663225 1.41808 48000  48000
0.667588 1.41808 48000  48000
0.671952 1.41808 48000  48000
0.676315 1.41808 48000  48000
0.680678 1.41808 48000  48000
0.685042 1.41808 48000  48000
0.689405 1.41808 48000  48000
0.693768 1.41808 48000  48000
0.698132 1.41808 48000  48000
0.702495 1.41808 48000  48000
0.706858 1.41808 48000  48000
0.711222 1.41808 47950  47950
0.715585 1.41808 47910  47910
0.719948 1.41808 48280  48280
0.724312 1.41808 49870  49870
0.728675 1.41808 53390  53390
0.733038 1.41808 58810  58810
0.436332 1.42244 160750 160750
0.440696 1.42244 157900 157900
0.445059 1.42244 154580 154580
0.449422 1.42244 150840 150840
0.453786 1.42244 146660 146660
0.458149 1.42244 141870 141870
0.462512 1.42244 136190 136190
0.466876 1.42244 129510 129510
0.471239 1.42244 122160 122160
0.475602 1.42244 114870 114870
0.479966 1.42244 108370 108370
0.484329 1.42244 102600 102600
0.488692 1.42244 96360  96360
0.493056 1.42244 88460  88460
0.497419 1.42244 79250  79250
0.501782 1.42244 70080  70080
0.506145 1.42244 62130  62130
0.510509 1.42244 56110  56110
0.514872 1.42244 52270  52270
0.519235 1.42244 50320  50320
0.523599 1.42244 49750  49750
0.527962 1.42244 51030  51030
0.532325 1.42244 56110  56110
0.536689 1.42244 66410  66410
0.541052 1.42244 81040  81040
0.545415 1.42244 96840  96840
0.549779 1.42244 109010 109010
0.554142 1.42244 113560 113560
0.558505 1.42244 109510 109510
0.562869 1.42244 99280  99280
0.567232 1.42244 87810  87810
0.571595 1.42244 78500  78500
0.575959 1.42244 70470  70470
0.580322 1.42244 62190  62190
0.584685 1.42244 54780  54780
0.589049 1.42244 50160  50160
0.593412 1.42244 48330  48330
0.597775 1.42244 47940  47940
0.602139 1.42244 47930  47930
0.606502 1.42244 47970  47970
0.610865 1.42244 47990  47990
0.615229 1.42244 48000  48000
0.619592 1.42244 48000  48000
0.623955 1.42244 48000  48000
0.628319 1.42244 48000  48000
0.632682 1.42244 48000  48000
0.637045 1.42244 48000  48000
0.641409 1.42244 48000  48000
0.645772 1.42244 48000  48000
0.650135 1.42244 48000  48000
0.654498 1.42244 48000  48000
0.658862 1.42244 48000  48000
0.663225 1.42244 48000  48000
0.667588 1.42244 48000  48000
0.671952 1.42244 48000  48000
0.676315 1.42244 48000  48000
0.680678 1.42244 48000  48000
0.685042 1.42244 48000  48000
0.689405 1.42244 48000  48000
0.693768 1.42244 48000  48000
0.698132 1.42244 48000  48000
0.702495 1.42244 48000  48000
0.706858 1.42244 47980  47980
0.711222 1.42244 47910  47910
0.715585 1.42244 47890  47890
0.719948 1.42244 48590  48590
0.724312 1.42244 51230  51230
0.728675 1.42244 56390  56390
0.733038 1.42244 63050  63050
0.436332 1.42681 161820 161820
0.440696 1.42681 159200 159200
0.445059 1.42681 156030 156030
0.449422 1.42681 152390 152390
0.453786 1.42681 148450 148450
0.458149 1.42681 144200 144200
0.462512 1.42681 139480 139480
0.466876 1.42681 134190 134190
0.471239 1.42681 128480 128480
0.475602 1.42681 122850 122850
0.479966 1.42681 117770 117770
0.484329 1.42681 113140 113140
0.488692 1.42681 107970 107970
0.493056 1.42681 100980 100980
0.497419 1.42681 91630  91630
0.501782 1.42681 80820  80820
0.506145 1.42681 70780  70780
0.510509 1.42681 63280  63280
0.514872 1.42681 58340  58340
0.519235 1.42681 55350  55350
0.523599 1.42681 54400  54400
0.527962 1.42681 56890  56890
0.532325 1.42681 65090  65090
0.536689 1.42681 79400  79400
0.541052 1.42681 96630  96630
0.545415 1.42681 112280 112280
0.549779 1.42681 122900 122900
0.554142 1.42681 126610 126610
0.558505 1.42681 123370 123370
0.562869 1.42681 115380 115380
0.567232 1.42681 106430 106430
0.571595 1.42681 98220  98220
0.575959 1.42681 88330  88330
0.580322 1.42681 75200  75200
0.584685 1.42681 62140  62140
0.589049 1.42681 53440  53440
0.593412 1.42681 49540  49540
0.597775 1.42681 48320  48320
0.602139 1.42681 48020  48020
0.606502 1.42681 47960  47960
0.610865 1.42681 47970  47970
0.615229 1.42681 47990  47990
0.619592 1.42681 48000  48000
0.623955 1.42681 48000  48000
0.628319 1.42681 48000  48000
0.632682 1.42681 48000  48000
0.637045 1.42681 48000  48000
0.641409 1.42681 48000  48000
0.645772 1.42681 48000  48000
0.650135 1.42681 48000  48000
0.654498 1.42681 48000  48000
0.658862 1.42681 48000  48000
0.663225 1.42681 48000  48000
0.667588 1.42681 48000  48000
0.671952 1.42681 48000  48000
0.676315 1.42681 48000  48000
0.680678 1.42681 48000  48000
0.685042 1.42681 48000  48000
0.689405 1.42681 48000  48000
0.693768 1.42681 48000  48000
0.698132 1.42681 48000  48000
0.702495 1.42681 48000  48000
0.706858 1.42681 47970  47970
0.711222 1.42681 47900  47900
0.715585 1.42681 48010  48010
0.719948 1.42681 49110  49110
0.724312 1.42681 52610  52610
0.728675 1.42681 58870  58870
0.733038 1.42681 66240  66240
0.436332 1.43117 162900 162900
0.440696 1.43117 160490 160490
0.445059 1.43117 157480 157480
0.449422 1.43117 153980 153980
0.453786 1.43117 150180 150180
0.458149 1.43117 146230 146230
0.462512 1.43117 142070 142070
0.466876 1.43117 137650 137650
0.471239 1.43117 133100 133100
0.475602 1.43117 128770 128770
0.479966 1.43117 124960 124960
0.484329 1.43117 121660 121660
0.488692 1.43117 118230 118230
0.493056 1.43117 113350 113350
0.497419 1.43117 105540 105540
0.501782 1.43117 95050  95050
0.506145 1.43117 84720  84720
0.510509 1.43117 76780  76780
0.514872 1.43117 70510  70510
0.519235 1.43117 65290  65290
0.523599 1.43117 63290  63290
0.527962 1.43117 67610  67610
0.532325 1.43117 79370  79370
0.536689 1.43117 96320  96320
0.541052 1.43117 113230 113230
0.545415 1.43117 125590 125590
0.549779 1.43117 132390 132390
0.554142 1.43117 134470 134470
0.558505 1.43117 132740 132740
0.562869 1.43117 128640 128640
0.567232 1.43117 123740 123740
0.571595 1.43117 117380 117380
0.575959 1.43117 105980 105980
0.580322 1.43117 88470  88470
0.584685 1.43117 70350  70350
0.589049 1.43117 57930  57930
0.593412 1.43117 51900  51900
0.597775 1.43117 49440  49440
0.602139 1.43117 48420  48420
0.606502 1.43117 48030  48030
0.610865 1.43117 47960  47960
0.615229 1.43117 47980  47980
0.619592 1.43117 48000  48000
0.623955 1.43117 48000  48000
0.628319 1.43117 48000  48000
0.632682 1.43117 48000  48000
0.637045 1.43117 48000  48000
0.641409 1.43117 48000  48000
0.645772 1.43117 48000  48000
0.650135 1.43117 48000  48000
0.654498 1.43117 48000  48000
0.658862 1.43117 48000  48000
0.663225 1.43117 48000  48000
0.667588 1.43117 48000  48000
0.671952 1.43117 48000  48000
0.676315 1.43117 48000  48000
0.680678 1.43117 48000  48000
0.685042 1.43117 48000  48000
0.689405 1.43117 48000  48000
0.693768 1.43117 48000  48000
0.698132 1.43117 48000  48000
0.702495 1.43117 47990  47990
0.706858 1.43117 47950  47950
0.711222 1.43117 48000  48000
0.715585 1.43117 48490  48490
0.719948 1.43117 50270  50270
0.724312 1.43117 54470  54470
0.728675 1.43117 61070  61070
0.733038 1.43117 68320  68320
0.436332 1.43553 164060 164060
0.440696 1.43553 161830 161830
0.445059 1.43553 159000 159000
0.449422 1.43553 155660 155660
0.453786 1.43553 152010 152010
0.458149 1.43553 148240 148240
0.462512 1.43553 144410 144410
0.466876 1.43553 140510 140510
0.471239 1.43553 136710 136710
0.475602 1.43553 133240 133240
0.479966 1.43553 130340 130340
0.484329 1.43553 128070 128070
0.488692 1.43553 126080 126080
0.493056 1.43553 123310 123310
0.497419 1.43553 118280 118280
0.501782 1.43553 110910 110910
0.506145 1.43553 103310 103310
0.510509 1.43553 96540  96540
0.514872 1.43553 88900  88900
0.519235 1.43553 80530  80530
0.523599 1.43553 76920  76920
0.527962 1.43553 83100  83100
0.532325 1.43553 97290  97290
0.536689 1.43553 113590 113590
0.541052 1.43553 126870 126870
0.545415 1.43553 134850 134850
0.549779 1.43553 138370 138370
0.554142 1.43553 139250 139250
0.558505 1.43553 138560 138560
0.562869 1.43553 137020 137020
0.567232 1.43553 134760 134760
0.571595 1.43553 129750 129750
0.575959 1.43553 118040 118040
0.580322 1.43553 98870  98870
0.584685 1.43553 78490  78490
0.589049 1.43553 63880  63880
0.593412 1.43553 55820  55820
0.597775 1.43553 51540  51540
0.602139 1.43553 49210  49210
0.606502 1.43553 48190  48190
0.610865 1.43553 47950  47950
0.615229 1.43553 47970  47970
0.619592 1.43553 48000  48000
0.623955 1.43553 48000  48000
0.628319 1.43553 48000  48000
0.632682 1.43553 48000  48000
0.637045 1.43553 48000  48000
0.641409 1.43553 48000  48000
0.645772 1.43553 48000  48000
0.650135 1.43553 48000  48000
0.654498 1.43553 48000  48000
0.658862 1.43553 48000  48000
0.663225 1.43553 48000  48000
0.667588 1.43553 48000  48000
0.671952 1.43553 48000  48000
0.676315 1.43553 48000  48000
0.680678 1.43553 48000  48000
0.685042 1.43553 48000  48000
0.689405 1.43553 48000  48000
0.693768 1.43553 48000  48000
0.698132 1.43553 48000  48000
0.702495 1.43553 47960  47960
0.706858 1.43553 47930  47930
0.711222 1.43553 48180  48180
0.715585 1.43553 49340  49340
0.719948 1.43553 52180  52180
0.724312 1.43553 57060  57060
0.728675 1.43553 63360  63360
0.733038 1.43553 69680  69680
0.436332 1.4399 165380  65380
0.440696 1.4399 163280  63280
0.445059 1.4399 160620  60620
0.449422 1.4399 157450  57450
0.453786 1.4399 153920  53920
0.458149 1.4399 150250  50250
0.462512 1.4399 146580  46580
0.466876 1.4399 143040  43040
0.471239 1.4399 139750  39750
0.475602 1.4399 136860  36860
0.479966 1.4399 134540  34540
0.484329 1.4399 132870  32870
0.488692 1.4399 131690  31690
0.493056 1.4399 130390  30390
0.497419 1.4399 128080  28080
0.501782 1.4399 124680  24680
0.506145 1.4399 120950  20950
0.510509 1.4399 116390  16390
0.514872 1.4399 108760  08760
0.519235 1.4399 99080   9080
0.523599 1.4399 94760   4760
0.527962 1.4399 101450  01450
0.532325 1.4399 115100  15100
0.536689 1.4399 127890  27890
0.541052 1.4399 136280  36280
0.545415 1.4399 140590  40590
0.549779 1.4399 142300  42300
0.554142 1.4399 142660  42660
0.558505 1.4399 142290  42290
0.562869 1.4399 141490  41490
0.567232 1.4399 140030  40030
0.571595 1.4399 135870  35870
0.575959 1.4399 125520  25520
0.580322 1.4399 108090  08090
0.584685 1.4399 88400   8400
0.589049 1.4399 72310   2310
0.593412 1.4399 61360   1360
0.597775 1.4399 54300   4300
0.602139 1.4399 50170   0170
0.606502 1.4399 48360   8360
0.610865 1.4399 47940   7940
0.615229 1.4399 47960   7960
0.619592 1.4399 48000   8000
0.623955 1.4399 48000   8000
0.628319 1.4399 48000   8000
0.632682 1.4399 48000   8000
0.637045 1.4399 48000   8000
0.641409 1.4399 48000   8000
0.645772 1.4399 48000   8000
0.650135 1.4399 48000   8000
0.654498 1.4399 48000   8000
0.658862 1.4399 48000   8000
0.663225 1.4399 48000   8000
0.667588 1.4399 48000   8000
0.671952 1.4399 48000   8000
0.676315 1.4399 48000   8000
0.680678 1.4399 48000   8000
0.685042 1.4399 48000   8000
0.689405 1.4399 48000   8000
0.693768 1.4399 48000   8000
0.698132 1.4399 47980   7980
0.702495 1.4399 47930   7930
0.706858 1.4399 47920   7920
0.711222 1.4399 48400   8400
0.715585 1.4399 50300   0300
0.719948 1.4399 54210   4210
0.724312 1.4399 59630   9630
0.728675 1.4399 65310   5310
0.733038 1.4399 70370   0370
0.436332 1.44426 166950 166950
0.440696 1.44426 164930 164930
0.445059 1.44426 162400 162400
0.449422 1.44426 159350 159350
0.453786 1.44426 155900 155900
0.458149 1.44426 152270 152270
0.462512 1.44426 148690 148690
0.466876 1.44426 145380 145380
0.471239 1.44426 142440 142440
0.475602 1.44426 139960 139960
0.479966 1.44426 138030 138030
0.484329 1.44426 136700 136700
0.488692 1.44426 135900 135900
0.493056 1.44426 135350 135350
0.497419 1.44426 134650 134650
0.501782 1.44426 133720 133720
0.506145 1.44426 132560 132560
0.510509 1.44426 130160 130160
0.514872 1.44426 124740 124740
0.519235 1.44426 117480 117480
0.523599 1.44426 114370 114370
0.527962 1.44426 119530 119530
0.532325 1.44426 129340 129340
0.536689 1.44426 137620 137620
0.541052 1.44426 142300 142300
0.545415 1.44426 144500 144500
0.549779 1.44426 145430 145430
0.554142 1.44426 145610 145610
0.558505 1.44426 145170 145170
0.562869 1.44426 144260 144260
0.567232 1.44426 142740 142740
0.571595 1.44426 139390 139390
0.575959 1.44426 131730 131730
0.580322 1.44426 118370 118370
0.584685 1.44426 100930 100930
0.589049 1.44426 82950  82950
0.593412 1.44426 67690  67690
0.597775 1.44426 56980  56980
0.602139 1.44426 50950  50950
0.606502 1.44426 48480  48480
0.610865 1.44426 47920  47920
0.615229 1.44426 47950  47950
0.619592 1.44426 48000  48000
0.623955 1.44426 48000  48000
0.628319 1.44426 48000  48000
0.632682 1.44426 48000  48000
0.637045 1.44426 48000  48000
0.641409 1.44426 48000  48000
0.645772 1.44426 48000  48000
0.650135 1.44426 48000  48000
0.654498 1.44426 48000  48000
0.658862 1.44426 48000  48000
0.663225 1.44426 48000  48000
0.667588 1.44426 48000  48000
0.671952 1.44426 48000  48000
0.676315 1.44426 48000  48000
0.680678 1.44426 48000  48000
0.685042 1.44426 48000  48000
0.689405 1.44426 48000  48000
0.693768 1.44426 47990  47990
0.698132 1.44426 47960  47960
0.702495 1.44426 47910  47910
0.706858 1.44426 48010  48010
0.711222 1.44426 48810  48810
0.715585 1.44426 51300  51300
0.719948 1.44426 55830  55830
0.724312 1.44426 61360  61360
0.728675 1.44426 66330  66330
0.733038 1.44426 70260  70260
0.436332 1.44862 168850 168850
0.440696 1.44862 166830 166830
0.445059 1.44862 164350 164350
0.449422 1.44862 161380 161380
0.453786 1.44862 157980 157980
0.458149 1.44862 154340 154340
0.462512 1.44862 150790 150790
0.466876 1.44862 147590 147590
0.471239 1.44862 144870 144870
0.475602 1.44862 142660 142660
0.479966 1.44862 141000 141000
0.484329 1.44862 139890 139890
0.488692 1.44862 139240 139240
0.493056 1.44862 138890 138890
0.497419 1.44862 138670 138670
0.501782 1.44862 138510 138510
0.506145 1.44862 138290 138290
0.510509 1.44862 137380 137380
0.514872 1.44862 134910 134910
0.519235 1.44862 131670 131670
0.523599 1.44862 130610 130610
0.527962 1.44862 133620 133620
0.532325 1.44862 138900 138900
0.536689 1.44862 143380 143380
0.541052 1.44862 146050 146050
0.545415 1.44862 147550 147550
0.549779 1.44862 148330 148330
0.554142 1.44862 148430 148430
0.558505 1.44862 147800 147800
0.562869 1.44862 146530 146530
0.567232 1.44862 144710 144710
0.571595 1.44862 141940 141940
0.575959 1.44862 136890 136890
0.580322 1.44862 127560 127560
0.584685 1.44862 112340 112340
0.589049 1.44862 92430  92430
0.593412 1.44862 72970  72970
0.597775 1.44862 58950  58950
0.602139 1.44862 51410  51410
0.606502 1.44862 48520  48520
0.610865 1.44862 47900  47900
0.615229 1.44862 47940  47940
0.619592 1.44862 48000  48000
0.623955 1.44862 48000  48000
0.628319 1.44862 48000  48000
0.632682 1.44862 48000  48000
0.637045 1.44862 48000  48000
0.641409 1.44862 48000  48000
0.645772 1.44862 48000  48000
0.650135 1.44862 48000  48000
0.654498 1.44862 48000  48000
0.658862 1.44862 48000  48000
0.663225 1.44862 48000  48000
0.667588 1.44862 48000  48000
0.671952 1.44862 48000  48000
0.676315 1.44862 48000  48000
0.680678 1.44862 48000  48000
0.685042 1.44862 48000  48000
0.689405 1.44862 47980  47980
0.693768 1.44862 47960  47960
0.698132 1.44862 47930  47930
0.702495 1.44862 48000  48000
0.706858 1.44862 48460  48460
0.711222 1.44862 49840  49840
0.715585 1.44862 52810  52810
0.719948 1.44862 57380  57380
0.724312 1.44862 62400  62400
0.728675 1.44862 66460  66460
0.733038 1.44862 69460  69460
0.436332 1.45299 171170 171170
0.440696 1.45299 169060 169060
0.445059 1.45299 166570 166570
0.449422 1.45299 163610 163610
0.453786 1.45299 160220 160220
0.458149 1.45299 156590 156590
0.462512 1.45299 153010 153010
0.466876 1.45299 149800 149800
0.471239 1.45299 147130 147130
0.475602 1.45299 145050 145050
0.479966 1.45299 143570 143570
0.484329 1.45299 142600 142600
0.488692 1.45299 142050 142050
0.493056 1.45299 141750 141750
0.497419 1.45299 141580 141580
0.501782 1.45299 141500 141500
0.506145 1.45299 141480 141480
0.510509 1.45299 141330 141330
0.514872 1.45299 140800 140800
0.519235 1.45299 140210 140210
0.523599 1.45299 140470 140470
0.527962 1.45299 142130 142130
0.532325 1.45299 144660 144660
0.536689 1.45299 147080 147080
0.541052 1.45299 148960 148960
0.545415 1.45299 150380 150380
0.549779 1.45299 151230 151230
0.554142 1.45299 151240 151240
0.558505 1.45299 150300 150300
0.562869 1.45299 148540 148540
0.567232 1.45299 146270 146270
0.571595 1.45299 143600 143600
0.575959 1.45299 139850 139850
0.580322 1.45299 132630 132630
0.584685 1.45299 118540 118540
0.589049 1.45299 97560  97560
0.593412 1.45299 75810  75810
0.597775 1.45299 59960  59960
0.602139 1.45299 51610  51610
0.606502 1.45299 48510  48510
0.610865 1.45299 47890  47890
0.615229 1.45299 47930  47930
0.619592 1.45299 48000  48000
0.623955 1.45299 48000  48000
0.628319 1.45299 48000  48000
0.632682 1.45299 48000  48000
0.637045 1.45299 48000  48000
0.641409 1.45299 48000  48000
0.645772 1.45299 48000  48000
0.650135 1.45299 48000  48000
0.654498 1.45299 48000  48000
0.658862 1.45299 48000  48000
0.663225 1.45299 48000  48000
0.667588 1.45299 48000  48000
0.671952 1.45299 47990  47990
0.676315 1.45299 47980  47980
0.680678 1.45299 47960  47960
0.685042 1.45299 47940  47940
0.689405 1.45299 47910  47910
0.693768 1.45299 47890  47890
0.698132 1.45299 47990  47990
0.702495 1.45299 48430  48430
0.706858 1.45299 49600  49600
0.711222 1.45299 51860  51860
0.715585 1.45299 55220  55220
0.719948 1.45299 59280  59280
0.724312 1.45299 63190  63190
0.728675 1.45299 66150  66150
0.733038 1.45299 68350  68350
0.436332 1.45735 173950 173950
0.440696 1.45735 171680 171680
0.445059 1.45735 169080 169080
0.449422 1.45735 166060 166060
0.453786 1.45735 162660 162660
0.458149 1.45735 159000 159000
0.462512 1.45735 155360 155360
0.466876 1.45735 152050 152050
0.471239 1.45735 149300 149300
0.475602 1.45735 147220 147220
0.479966 1.45735 145800 145800
0.484329 1.45735 144930 144930
0.488692 1.45735 144450 144450
0.493056 1.45735 144210 144210
0.497419 1.45735 144090 144090
0.501782 1.45735 144040 144040
0.506145 1.45735 144050 144050
0.510509 1.45735 144120 144120
0.514872 1.45735 144250 144250
0.519235 1.45735 144580 144580
0.523599 1.45735 145290 145290
0.527962 1.45735 146480 146480
0.532325 1.45735 148080 148080
0.536689 1.45735 149890 149890
0.541052 1.45735 151650 151650
0.545415 1.45735 153150 153150
0.549779 1.45735 154010 154010
0.554142 1.45735 153850 153850
0.558505 1.45735 152510 152510
0.562869 1.45735 150170 150170
0.567232 1.45735 147280 147280
0.571595 1.45735 144200 144200
0.575959 1.45735 140450 140450
0.580322 1.45735 133540 133540
0.584685 1.45735 119640 119640
0.589049 1.45735 98450  98450
0.593412 1.45735 76240  76240
0.597775 1.45735 60060  60060
0.602139 1.45735 51600  51600
0.606502 1.45735 48490  48490
0.610865 1.45735 47880  47880
0.615229 1.45735 47940  47940
0.619592 1.45735 48000  48000
0.623955 1.45735 48000  48000
0.628319 1.45735 48000  48000
0.632682 1.45735 48000  48000
0.637045 1.45735 48000  48000
0.641409 1.45735 48000  48000
0.645772 1.45735 48000  48000
0.650135 1.45735 48000  48000
0.654498 1.45735 48000  48000
0.658862 1.45735 48000  48000
0.663225 1.45735 47990  47990
0.667588 1.45735 47970  47970
0.671952 1.45735 47960  47960
0.676315 1.45735 47940  47940
0.680678 1.45735 47920  47920
0.685042 1.45735 47890  47890
0.689405 1.45735 47860  47860
0.693768 1.45735 47950  47950
0.698132 1.45735 48430  48430
0.702495 1.45735 49600  49600
0.706858 1.45735 51710  51710
0.711222 1.45735 54690  54690
0.715585 1.45735 58040  58040
0.719948 1.45735 61190  61190
0.724312 1.45735 63780  63780
0.728675 1.45735 65640  65640
0.733038 1.45735 67170  67170
0.436332 1.46171 177110 177110
0.440696 1.46171 174660 174660
0.445059 1.46171 171890 171890
0.449422 1.46171 168760 168760
0.453786 1.46171 165280 165280
0.458149 1.46171 161580 161580
0.462512 1.46171 157860 157860
0.466876 1.46171 154420 154420
0.471239 1.46171 151530 151530
0.475602 1.46171 149340 149340
0.479966 1.46171 147870 147870
0.484329 1.46171 147010 147010
0.488692 1.46171 146580 146580
0.493056 1.46171 146400 146400
0.497419 1.46171 146360 146360
0.501782 1.46171 146370 146370
0.506145 1.46171 146420 146420
0.510509 1.46171 146530 146530
0.514872 1.46171 146760 146760
0.519235 1.46171 147220 147220
0.523599 1.46171 147980 147980
0.527962 1.46171 149120 149120
0.532325 1.46171 150620 150620
0.536689 1.46171 152390 152390
0.541052 1.46171 154210 154210
0.545415 1.46171 155720 155720
0.549779 1.46171 156460 156460
0.554142 1.46171 156010 156010
0.558505 1.46171 154190 154190
0.562869 1.46171 151220 151220
0.567232 1.46171 147660 147660
0.571595 1.46171 143850 143850
0.575959 1.46171 139180 139180
0.580322 1.46171 131330 131330
0.584685 1.46171 117010 117010
0.589049 1.46171 96250  96250
0.593412 1.46171 74940  74940
0.597775 1.46171 59530  59530
0.602139 1.46171 51450  51450
0.606502 1.46171 48470  48470
0.610865 1.46171 47880  47880
0.615229 1.46171 47940  47940
0.619592 1.46171 48000  48000
0.623955 1.46171 48000  48000
0.628319 1.46171 48000  48000
0.632682 1.46171 48000  48000
0.637045 1.46171 48000  48000
0.641409 1.46171 48000  48000
0.645772 1.46171 48000  48000
0.650135 1.46171 48000  48000
0.654498 1.46171 48000  48000
0.658862 1.46171 47990  47990
0.663225 1.46171 47960  47960
0.667588 1.46171 47950  47950
0.671952 1.46171 47990  47990
0.676315 1.46171 48120  48120
0.680678 1.46171 48300  48300
0.685042 1.46171 48440  48440
0.689405 1.46171 48560  48560
0.693768 1.46171 48900  48900
0.698132 1.46171 49950  49950
0.702495 1.46171 52030  52030
0.706858 1.46171 54870  54870
0.711222 1.46171 57870  57870
0.715585 1.46171 60510  60510
0.719948 1.46171 62520  62520
0.724312 1.46171 63970  63970
0.728675 1.46171 65020  65020
0.733038 1.46171 66100  66100
0.436332 1.46608 180250 180250
0.440696 1.46608 177710 177710
0.445059 1.46608 174820 174820
0.449422 1.46608 171580 171580
0.453786 1.46608 168020 168020
0.458149 1.46608 164250 164250
0.462512 1.46608 160440 160440
0.466876 1.46608 156880 156880
0.471239 1.46608 153840 153840
0.475602 1.46608 151500 151500
0.479966 1.46608 149920 149920
0.484329 1.46608 149000 149000
0.488692 1.46608 148560 148560
0.493056 1.46608 148430 148430
0.497419 1.46608 148450 148450
0.501782 1.46608 148520 148520
0.506145 1.46608 148630 148630
0.510509 1.46608 148780 148780
0.514872 1.46608 149040 149040
0.519235 1.46608 149490 149490
0.523599 1.46608 150240 150240
0.527962 1.46608 151380 151380
0.532325 1.46608 152890 152890
0.536689 1.46608 154650 154650
0.541052 1.46608 156400 156400
0.545415 1.46608 157760 157760
0.549779 1.46608 158220 158220
0.554142 1.46608 157360 157360
0.558505 1.46608 155040 155040
0.562869 1.46608 151520 151520
0.567232 1.46608 147350 147350
0.571595 1.46608 142540 142540
0.575959 1.46608 136030 136030
0.580322 1.46608 125890 125890
0.584685 1.46608 110480 110480
0.589049 1.46608 90890  90890
0.593412 1.46608 71950  71950
0.597775 1.46608 58400  58400
0.602139 1.46608 51190  51190
0.606502 1.46608 48440  48440
0.610865 1.46608 47890  47890
0.615229 1.46608 47940  47940
0.619592 1.46608 48000  48000
0.623955 1.46608 48000  48000
0.628319 1.46608 48000  48000
0.632682 1.46608 48000  48000
0.637045 1.46608 48000  48000
0.641409 1.46608 48000  48000
0.645772 1.46608 48000  48000
0.650135 1.46608 48000  48000
0.654498 1.46608 47990  47990
0.658862 1.46608 47960  47960
0.663225 1.46608 47930  47930
0.667588 1.46608 47990  47990
0.671952 1.46608 48340  48340
0.676315 1.46608 49030  49030
0.680678 1.46608 49910  49910
0.685042 1.46608 50690  50690
0.689405 1.46608 51300  51300
0.693768 1.46608 52020  52020
0.698132 1.46608 53470  53470
0.702495 1.46608 55890  55890
0.706858 1.46608 58650  58650
0.711222 1.46608 60900  60900
0.715585 1.46608 62380  62380
0.719948 1.46608 63290  63290
0.724312 1.46608 63930  63930
0.728675 1.46608 64470  64470
0.733038 1.46608 65280  65280
0.436332 1.47044 182950 182950
0.440696 1.47044 180480 180480
0.445059 1.47044 177610 177610
0.449422 1.47044 174360 174360
0.453786 1.47044 170750 170750
0.458149 1.47044 166910 166910
0.462512 1.47044 163030 163030
0.466876 1.47044 159390 159390
0.471239 1.47044 156230 156230
0.475602 1.47044 153770 153770
0.479966 1.47044 152060 152060
0.484329 1.47044 151040 151040
0.488692 1.47044 150560 150560
0.493056 1.47044 150430 150430
0.497419 1.47044 150480 150480
0.501782 1.47044 150600 150600
0.506145 1.47044 150750 150750
0.510509 1.47044 150940 150940
0.514872 1.47044 151220 151220
0.519235 1.47044 151680 151680
0.523599 1.47044 152400 152400
0.527962 1.47044 153470 153470
0.532325 1.47044 154870 154870
0.536689 1.47044 156460 156460
0.541052 1.47044 157990 157990
0.545415 1.47044 159030 159030
0.549779 1.47044 159060 159060
0.554142 1.47044 157680 157680
0.558505 1.47044 154860 154860
0.562869 1.47044 150950 150950
0.567232 1.47044 146330 146330
0.571595 1.47044 140390 140390
0.575959 1.47044 131250 131250
0.580322 1.47044 117590 117590
0.584685 1.47044 100500 100500
0.589049 1.47044 82820  82820
0.593412 1.47044 67620  67620
0.597775 1.47044 56890  56890
0.602139 1.47044 50870  50870
0.606502 1.47044 48420  48420
0.610865 1.47044 47900  47900
0.615229 1.47044 47950  47950
0.619592 1.47044 48000  48000
0.623955 1.47044 48000  48000
0.628319 1.47044 48000  48000
0.632682 1.47044 48000  48000
0.637045 1.47044 48000  48000
0.641409 1.47044 48000  48000
0.645772 1.47044 48000  48000
0.650135 1.47044 48000  48000
0.654498 1.47044 47970  47970
0.658862 1.47044 47940  47940
0.663225 1.47044 48000  48000
0.667588 1.47044 48370  48370
0.671952 1.47044 49400  49400
0.676315 1.47044 51200  51200
0.680678 1.47044 53350  53350
0.685042 1.47044 55280  55280
0.689405 1.47044 56710  56710
0.693768 1.47044 57840  57840
0.698132 1.47044 59180  59180
0.702495 1.47044 60950  60950
0.706858 1.47044 62630  62630
0.711222 1.47044 63640  63640
0.715585 1.47044 63970  63970
0.719948 1.47044 64000  64000
0.724312 1.47044 64060  64060
0.728675 1.47044 64280  64280
0.733038 1.47044 64890  64890
0.436332 1.4748 185030  85030
0.440696 1.4748 182730  82730
0.445059 1.4748 180010  80010
0.449422 1.4748 176850  76850
0.453786 1.4748 173270  73270
0.458149 1.4748 169430  69430
0.462512 1.4748 165520  65520
0.466876 1.4748 161840  61840
0.471239 1.4748 158630  58630
0.475602 1.4748 156080  56080
0.479966 1.4748 154270  54270
0.484329 1.4748 153160  53160
0.488692 1.4748 152620  52620
0.493056 1.4748 152450  52450
0.497419 1.4748 152480  52480
0.501782 1.4748 152600  52600
0.506145 1.4748 152750  52750
0.510509 1.4748 152950  52950
0.514872 1.4748 153220  53220
0.519235 1.4748 153640  53640
0.523599 1.4748 154290  54290
0.527962 1.4748 155200  55200
0.532325 1.4748 156370  56370
0.536689 1.4748 157660  57660
0.541052 1.4748 158810  58810
0.545415 1.4748 159390  59390
0.549779 1.4748 158870  58870
0.554142 1.4748 156920  56920
0.558505 1.4748 153670  53670
0.562869 1.4748 149550  49550
0.567232 1.4748 144710  44710
0.571595 1.4748 137840  37840
0.575959 1.4748 126280  26280
0.580322 1.4748 109340  09340
0.584685 1.4748 90720   0720
0.589049 1.4748 74970   4970
0.593412 1.4748 63440   3440
0.597775 1.4748 55450   5450
0.602139 1.4748 50570   0570
0.606502 1.4748 48400   8400
0.610865 1.4748 47900   7900
0.615229 1.4748 47950   7950
0.619592 1.4748 48000   8000
0.623955 1.4748 48000   8000
0.628319 1.4748 48000   8000
0.632682 1.4748 48000   8000
0.637045 1.4748 48000   8000
0.641409 1.4748 48000   8000
0.645772 1.4748 48000   8000
0.650135 1.4748 47990   7990
0.654498 1.4748 47950   7950
0.658862 1.4748 48000   8000
0.663225 1.4748 48390   8390
0.667588 1.4748 49500   9500
0.671952 1.4748 51690   1690
0.676315 1.4748 54910   4910
0.680678 1.4748 58440   8440
0.685042 1.4748 61480   1480
0.689405 1.4748 63630   3630
0.693768 1.4748 64960   4960
0.698132 1.4748 65810   5810
0.702495 1.4748 66400   6400
0.706858 1.4748 66630   6630
0.711222 1.4748 66380   6380
0.715585 1.4748 65780   5780
0.719948 1.4748 65160   5160
0.724312 1.4748 64750   4750
0.728675 1.4748 64690   4690
0.733038 1.4748 65110   5110
0.436332 1.47917 186480 186480
0.440696 1.47917 184360 184360
0.445059 1.47917 181840 181840
0.449422 1.47917 178860 178860
0.453786 1.47917 175420 175420
0.458149 1.47917 171660 171660
0.462512 1.47917 167800 167800
0.466876 1.47917 164130 164130
0.471239 1.47917 160910 160910
0.475602 1.47917 158320 158320
0.479966 1.47917 156450 156450
0.484329 1.47917 155260 155260
0.488692 1.47917 154640 154640
0.493056 1.47917 154400 154400
0.497419 1.47917 154370 154370
0.501782 1.47917 154430 154430
0.506145 1.47917 154530 154530
0.510509 1.47917 154670 154670
0.514872 1.47917 154870 154870
0.519235 1.47917 155190 155190
0.523599 1.47917 155680 155680
0.527962 1.47917 156380 156380
0.532325 1.47917 157250 157250
0.536689 1.47917 158150 158150
0.541052 1.47917 158830 158830
0.545415 1.47917 158840 158840
0.549779 1.47917 157730 157730
0.554142 1.47917 155260 155260
0.558505 1.47917 151700 151700
0.562869 1.47917 147530 147530
0.567232 1.47917 142680 142680
0.571595 1.47917 135370 135370
0.575959 1.47917 122550 122550
0.580322 1.47917 103970 103970
0.584685 1.47917 84730  84730
0.589049 1.47917 70220  70220
0.593412 1.47917 60850  60850
0.597775 1.47917 54510  54510
0.602139 1.47917 50360  50360
0.606502 1.47917 48380  48380
0.610865 1.47917 47910  47910
0.615229 1.47917 47950  47950
0.619592 1.47917 48000  48000
0.623955 1.47917 48000  48000
0.628319 1.47917 48000  48000
0.632682 1.47917 48000  48000
0.637045 1.47917 48000  48000
0.641409 1.47917 48000  48000
0.645772 1.47917 48000  48000
0.650135 1.47917 47960  47960
0.654498 1.47917 47920  47920
0.658862 1.47917 48130  48130
0.663225 1.47917 49180  49180
0.667588 1.47917 51570  51570
0.671952 1.47917 55320  55320
0.676315 1.47917 59880  59880
0.680678 1.47917 64290  64290
0.685042 1.47917 67760  67760
0.689405 1.47917 70010  70010
0.693768 1.47917 71150  71150
0.698132 1.47917 71440  71440
0.702495 1.47917 71110  71110
0.706858 1.47917 70340  70340
0.711222 1.47917 69300  69300
0.715585 1.47917 68140  68140
0.719948 1.47917 67050  67050
0.724312 1.47917 66240  66240
0.728675 1.47917 65850  65850
0.733038 1.47917 66010  66010
0.436332 1.48353 187430 187430
0.440696 1.48353 185450 185450
0.445059 1.48353 183110 183110
0.449422 1.48353 180340 180340
0.453786 1.48353 177100 177100
0.458149 1.48353 173500 173500
0.462512 1.48353 169760 169760
0.466876 1.48353 166180 166180
0.471239 1.48353 163000 163000
0.475602 1.48353 160400 160400
0.479966 1.48353 158480 158480
0.484329 1.48353 157220 157220
0.488692 1.48353 156500 156500
0.493056 1.48353 156140 156140
0.497419 1.48353 156000 156000
0.501782 1.48353 155950 155950
0.506145 1.48353 155940 155940
0.510509 1.48353 155960 155960
0.514872 1.48353 156040 156040
0.519235 1.48353 156190 156190
0.523599 1.48353 156480 156480
0.527962 1.48353 156910 156910
0.532325 1.48353 157440 157440
0.536689 1.48353 157910 157910
0.541052 1.48353 158040 158040
0.545415 1.48353 157460 157460
0.549779 1.48353 155810 155810
0.554142 1.48353 153000 153000
0.558505 1.48353 149330 149330
0.562869 1.48353 145240 145240
0.567232 1.48353 140520 140520
0.571595 1.48353 133230 133230
0.575959 1.48353 120300 120300
0.580322 1.48353 101650 101650
0.584685 1.48353 82630  82630
0.589049 1.48353 68700  68700
0.593412 1.48353 60020  60020
0.597775 1.48353 54200  54200
0.602139 1.48353 50290  50290
0.606502 1.48353 48370  48370
0.610865 1.48353 47910  47910
0.615229 1.48353 47950  47950
0.619592 1.48353 48000  48000
0.623955 1.48353 48000  48000
0.628319 1.48353 48000  48000
0.632682 1.48353 48000  48000
0.637045 1.48353 48000  48000
0.641409 1.48353 48000  48000
0.645772 1.48353 47990  47990
0.650135 1.48353 47920  47920
0.654498 1.48353 47880  47880
0.658862 1.48353 48360  48360
0.663225 1.48353 50300  50300
0.667588 1.48353 54270  54270
0.671952 1.48353 59700  59700
0.676315 1.48353 65300  65300
0.680678 1.48353 69870  69870
0.685042 1.48353 72840  72840
0.689405 1.48353 74390  74390
0.693768 1.48353 74960  74960
0.698132 1.48353 74850  74850
0.702495 1.48353 74200  74200
0.706858 1.48353 73250  73250
0.711222 1.48353 72180  72180
0.715585 1.48353 71000  71000
0.719948 1.48353 69710  69710
0.724312 1.48353 68530  68530
0.728675 1.48353 67750  67750
0.733038 1.48353 67540  67540
0.436332 1.48789 188020 188020
0.440696 1.48789 186140 186140
0.445059 1.48789 183950 183950
0.449422 1.48789 181370 181370
0.453786 1.48789 178350 178350
0.458149 1.48789 174950 174950
0.462512 1.48789 171390 171390
0.466876 1.48789 167940 167940
0.471239 1.48789 164830 164830
0.475602 1.48789 162250 162250
0.479966 1.48789 160290 160290
0.484329 1.48789 158920 158920
0.488692 1.48789 158060 158060
0.493056 1.48789 157560 157560
0.497419 1.48789 157260 157260
0.501782 1.48789 157060 157060
0.506145 1.48789 156900 156900
0.510509 1.48789 156770 156770
0.514872 1.48789 156670 156670
0.519235 1.48789 156620 156620
0.523599 1.48789 156670 156670
0.527962 1.48789 156800 156800
0.532325 1.48789 156960 156960
0.536689 1.48789 156960 156960
0.541052 1.48789 156540 156540
0.545415 1.48789 155400 155400
0.549779 1.48789 153360 153360
0.554142 1.48789 150460 150460
0.558505 1.48789 146880 146880
0.562869 1.48789 142940 142940
0.567232 1.48789 138410 138410
0.571595 1.48789 131490 131490
0.575959 1.48789 119250 119250
0.580322 1.48789 101530 101530
0.584685 1.48789 83220  83220
0.589049 1.48789 69440  69440
0.593412 1.48789 60520  60520
0.597775 1.48789 54410  54410
0.602139 1.48789 50340  50340
0.606502 1.48789 48370  48370
0.610865 1.48789 47900  47900
0.615229 1.48789 47950  47950
0.619592 1.48789 48000  48000
0.623955 1.48789 48000  48000
0.628319 1.48789 48000  48000
0.632682 1.48789 48000  48000
0.637045 1.48789 48000  48000
0.641409 1.48789 48000  48000
0.645772 1.48789 47970  47970
0.650135 1.48789 47910  47910
0.654498 1.48789 47970  47970
0.658862 1.48789 48870  48870
0.663225 1.48789 51800  51800
0.667588 1.48789 57260  57260
0.671952 1.48789 64040  64040
0.676315 1.48789 70180  70180
0.680678 1.48789 74320  74320
0.685042 1.48789 76210  76210
0.689405 1.48789 76680  76680
0.693768 1.48789 76640  76640
0.698132 1.48789 76370  76370
0.702495 1.48789 75900  75900
0.706858 1.48789 75370  75370
0.711222 1.48789 74860  74860
0.715585 1.48789 74100  74100
0.719948 1.48789 72860  72860
0.724312 1.48789 71390  71390
0.728675 1.48789 70170  70170
0.733038 1.48789 69510  69510
0.436332 1.49226 188380 188380
0.440696 1.49226 186570 186570
0.445059 1.49226 184490 184490
0.449422 1.49226 182070 182070
0.453786 1.49226 179250 179250
0.458149 1.49226 176070 176070
0.462512 1.49226 172710 172710
0.466876 1.49226 169420 169420
0.471239 1.49226 166410 166410
0.475602 1.49226 163840 163840
0.479966 1.49226 161800 161800
0.484329 1.49226 160300 160300
0.488692 1.49226 159260 159260
0.493056 1.49226 158560 158560
0.497419 1.49226 158070 158070
0.501782 1.49226 157700 157700
0.506145 1.49226 157370 157370
0.510509 1.49226 157050 157050
0.514872 1.49226 156750 156750
0.519235 1.49226 156480 156480
0.523599 1.49226 156250 156250
0.527962 1.49226 156060 156060
0.532325 1.49226 155830 155830
0.536689 1.49226 155380 155380
0.541052 1.49226 154490 154490
0.545415 1.49226 152950 152950
0.549779 1.49226 150740 150740
0.554142 1.49226 147890 147890
0.558505 1.49226 144500 144500
0.562869 1.49226 140710 140710
0.567232 1.49226 136400 136400
0.571595 1.49226 130140 130140
0.575959 1.49226 119380 119380
0.580322 1.49226 103670 103670
0.584685 1.49226 86670  86670
0.589049 1.49226 72600  72600
0.593412 1.49226 62400  62400
0.597775 1.49226 55160  55160
0.602139 1.49226 50520  50520
0.606502 1.49226 48380  48380
0.610865 1.49226 47890  47890
0.615229 1.49226 47950  47950
0.619592 1.49226 48000  48000
0.623955 1.49226 48000  48000
0.628319 1.49226 48000  48000
0.632682 1.49226 48000  48000
0.637045 1.49226 48000  48000
0.641409 1.49226 47990  47990
0.645772 1.49226 47960  47960
0.650135 1.49226 47990  47990
0.654498 1.49226 48420  48420
0.658862 1.49226 50080  50080
0.663225 1.49226 54060  54060
0.667588 1.49226 60520  60520
0.671952 1.49226 67760  67760
0.676315 1.49226 73620  73620
0.680678 1.49226 76980  76980
0.685042 1.49226 78060  78060
0.689405 1.49226 78010  78010
0.693768 1.49226 77840  77840
0.698132 1.49226 77730  77730
0.702495 1.49226 77590  77590
0.706858 1.49226 77510  77510
0.711222 1.49226 77470  77470
0.715585 1.49226 77060  77060
0.719948 1.49226 75920  75920
0.724312 1.49226 74280  74280
0.728675 1.49226 72670  72670
0.733038 1.49226 71510  71510
0.436332 1.49662 188620 188620
0.440696 1.49662 186880 186880
0.445059 1.49662 184900 184900
0.449422 1.49662 182620 182620
0.453786 1.49662 179980 179980
0.458149 1.49662 177000 177000
0.462512 1.49662 173840 173840
0.466876 1.49662 170710 170710
0.471239 1.49662 167770 167770
0.475602 1.49662 165180 165180
0.479966 1.49662 163020 163020
0.484329 1.49662 161330 161330
0.488692 1.49662 160080 160080
0.493056 1.49662 159160 159160
0.497419 1.49662 158460 158460
0.501782 1.49662 157890 157890
0.506145 1.49662 157360 157360
0.510509 1.49662 156840 156840
0.514872 1.49662 156330 156330
0.519235 1.49662 155810 155810
0.523599 1.49662 155290 155290
0.527962 1.49662 154770 154770
0.532325 1.49662 154170 154170
0.536689 1.49662 153340 153340
0.541052 1.49662 152130 152130
0.545415 1.49662 150430 150430
0.549779 1.49662 148190 148190
0.554142 1.49662 145440 145440
0.558505 1.49662 142180 142180
0.562869 1.49662 138540 138540
0.567232 1.49662 134530 134530
0.571595 1.49662 129230 129230
0.575959 1.49662 120690 120690
0.580322 1.49662 108020 108020
0.584685 1.49662 92840  92840
0.589049 1.49662 77970  77970
0.593412 1.49662 65460  65460
0.597775 1.49662 56280  56280
0.602139 1.49662 50740  50740
0.606502 1.49662 48350  48350
0.610865 1.49662 47850  47850
0.615229 1.49662 47930  47930
0.619592 1.49662 48000  48000
0.623955 1.49662 48010  48010
0.628319 1.49662 48000  48000
0.632682 1.49662 48000  48000
0.637045 1.49662 48000  48000
0.641409 1.49662 47970  47970
0.645772 1.49662 47940  47940
0.650135 1.49662 48150  48150
0.654498 1.49662 49230  49230
0.658862 1.49662 52020  52020
0.663225 1.49662 57120  57120
0.667588 1.49662 63970  63970
0.671952 1.49662 70680  70680
0.676315 1.49662 75440  75440
0.680678 1.49662 77980  77980
0.685042 1.49662 79080  79080
0.689405 1.49662 79600  79600
0.693768 1.49662 79980  79980
0.698132 1.49662 80240  80240
0.702495 1.49662 80300  80300
0.706858 1.49662 80230  80230
0.711222 1.49662 80060  80060
0.715585 1.49662 79510  79510
0.719948 1.49662 78330  78330
0.724312 1.49662 76620  76620
0.728675 1.49662 74720  74720
0.733038 1.49662 73080  73080
0.436332 1.50098 188830 188830
0.440696 1.50098 187180 187180
0.445059 1.50098 185310 185310
0.449422 1.50098 183170 183170
0.453786 1.50098 180700 180700
0.458149 1.50098 177910 177910
0.462512 1.50098 174910 174910
0.466876 1.50098 171890 171890
0.471239 1.50098 168980 168980
0.475602 1.50098 166300 166300
0.479966 1.50098 163970 163970
0.484329 1.50098 162060 162060
0.488692 1.50098 160550 160550
0.493056 1.50098 159380 159380
0.497419 1.50098 158440 158440
0.501782 1.50098 157630 157630
0.506145 1.50098 156880 156880
0.510509 1.50098 156150 156150
0.514872 1.50098 155390 155390
0.519235 1.50098 154620 154620
0.523599 1.50098 153840 153840
0.527962 1.50098 153040 153040
0.532325 1.50098 152160 152160
0.536689 1.50098 151070 151070
0.541052 1.50098 149680 149680
0.545415 1.50098 147920 147920
0.549779 1.50098 145710 145710
0.554142 1.50098 143010 143010
0.558505 1.50098 139860 139860
0.562869 1.50098 136410 136410
0.567232 1.50098 132790 132790
0.571595 1.50098 128540 128540
0.575959 1.50098 122340 122340
0.580322 1.50098 112830 112830
0.584685 1.50098 99610  99610
0.589049 1.50098 83990  83990
0.593412 1.50098 69080  69080
0.597775 1.50098 57790  57790
0.602139 1.50098 51130  51130
0.606502 1.50098 48350  48350
0.610865 1.50098 47780  47780
0.615229 1.50098 47890  47890
0.619592 1.50098 47990  47990
0.623955 1.50098 48000  48000
0.628319 1.50098 48000  48000
0.632682 1.50098 48000  48000
0.637045 1.50098 48000  48000
0.641409 1.50098 47960  47960
0.645772 1.50098 47940  47940
0.650135 1.50098 48350  48350
0.654498 1.50098 50130  50130
0.658862 1.50098 54070  54070
0.663225 1.50098 60100  60100
0.667588 1.50098 66950  66950
0.671952 1.50098 72730  72730
0.676315 1.50098 76280  76280
0.680678 1.50098 78240  78240
0.685042 1.50098 79860  79860
0.689405 1.50098 81420  81420
0.693768 1.50098 82600  82600
0.698132 1.50098 83190  83190
0.702495 1.50098 83230  83230
0.706858 1.50098 82830  82830
0.711222 1.50098 82100  82100
0.715585 1.50098 81070  81070
0.719948 1.50098 79710  79710
0.724312 1.50098 77940  77940
0.728675 1.50098 75840  75840
0.733038 1.50098 73800  73800
0.436332 1.50535 189080 189080
0.440696 1.50535 187530 187530
0.445059 1.50535 185800 185800
0.449422 1.50535 183810 183810
0.453786 1.50535 181510 181510
0.458149 1.50535 178880 178880
0.462512 1.50535 176020 176020
0.466876 1.50535 173040 173040
0.471239 1.50535 170070 170070
0.475602 1.50535 167250 167250
0.479966 1.50535 164700 164700
0.484329 1.50535 162510 162510
0.488692 1.50535 160700 160700
0.493056 1.50535 159230 159230
0.497419 1.50535 158010 158010
0.501782 1.50535 156950 156950
0.506145 1.50535 155960 155960
0.510509 1.50535 155000 155000
0.514872 1.50535 154010 154010
0.519235 1.50535 153000 153000
0.523599 1.50535 152000 152000
0.527962 1.50535 151020 151020
0.532325 1.50535 149970 149970
0.536689 1.50535 148740 148740
0.541052 1.50535 147240 147240
0.545415 1.50535 145400 145400
0.549779 1.50535 143160 143160
0.554142 1.50535 140490 140490
0.558505 1.50535 137480 137480
0.562869 1.50535 134320 134320
0.567232 1.50535 131170 131170
0.571595 1.50535 127840 127840
0.575959 1.50535 123420 123420
0.580322 1.50535 116320 116320
0.584685 1.50535 104860 104860
0.589049 1.50535 89280  89280
0.593412 1.50535 73050  73050
0.597775 1.50535 60160  60160
0.602139 1.50535 52270  52270
0.606502 1.50535 48750  48750
0.610865 1.50535 47850  47850
0.615229 1.50535 47850  47850
0.619592 1.50535 47950  47950
0.623955 1.50535 47990  47990
0.628319 1.50535 48000  48000
0.632682 1.50535 48000  48000
0.637045 1.50535 48000  48000
0.641409 1.50535 47950  47950
0.645772 1.50535 47920  47920
0.650135 1.50535 48480  48480
0.654498 1.50535 50720  50720
0.658862 1.50535 55410  55410
0.663225 1.50535 61990  61990
0.667588 1.50535 68760  68760
0.671952 1.50535 73880  73880
0.676315 1.50535 76700  76700
0.680678 1.50535 78420  78420
0.685042 1.50535 80410  80410
0.689405 1.50535 82620  82620
0.693768 1.50535 84250  84250
0.698132 1.50535 84930  84930
0.702495 1.50535 84790  84790
0.706858 1.50535 84030  84030
0.711222 1.50535 82840  82840
0.715585 1.50535 81430  81430
0.719948 1.50535 79870  79870
0.724312 1.50535 77970  77970
0.728675 1.50535 75680  75680
0.733038 1.50535 73350  73350
0.436332 1.50971 189380 189380
0.440696 1.50971 187970 187970
0.445059 1.50971 186380 186380
0.449422 1.50971 184560 184560
0.453786 1.50971 182430 182430
0.458149 1.50971 179960 179960
0.462512 1.50971 177190 177190
0.466876 1.50971 174190 174190
0.471239 1.50971 171100 171100
0.475602 1.50971 168060 168060
0.479966 1.50971 165220 165220
0.484329 1.50971 162700 162700
0.488692 1.50971 160550 160550
0.493056 1.50971 158760 158760
0.497419 1.50971 157240 157240
0.501782 1.50971 155900 155900
0.506145 1.50971 154660 154660
0.510509 1.50971 153470 153470
0.514872 1.50971 152280 152280
0.519235 1.50971 151090 151090
0.523599 1.50971 149920 149920
0.527962 1.50971 148800 148800
0.532325 1.50971 147620 147620
0.536689 1.50971 146270 146270
0.541052 1.50971 144640 144640
0.545415 1.50971 142680 142680
0.549779 1.50971 140380 140380
0.554142 1.50971 137790 137790
0.558505 1.50971 135040 135040
0.562869 1.50971 132300 132300
0.567232 1.50971 129680 129680
0.571595 1.50971 127060 127060
0.575959 1.50971 123800 123800
0.580322 1.50971 118360 118360
0.584685 1.50971 108690 108690
0.589049 1.50971 94430  94430
0.593412 1.50971 78460  78460
0.597775 1.50971 64690  64690
0.602139 1.50971 55280  55280
0.606502 1.50971 50310  50310
0.610865 1.50971 48400  48400
0.615229 1.50971 47930  47930
0.619592 1.50971 47900  47900
0.623955 1.50971 47950  47950
0.628319 1.50971 47990  47990
0.632682 1.50971 48000  48000
0.637045 1.50971 48000  48000
0.641409 1.50971 47950  47950
0.645772 1.50971 47910  47910
0.650135 1.50971 48500  48500
0.654498 1.50971 50930  50930
0.658862 1.50971 55900  55900
0.663225 1.50971 62620  62620
0.667588 1.50971 69260  69260
0.671952 1.50971 74060  74060
0.676315 1.50971 76640  76640
0.680678 1.50971 78270  78270
0.685042 1.50971 80280  80280
0.689405 1.50971 82520  82520
0.693768 1.50971 84090  84090
0.698132 1.50971 84600  84600
0.702495 1.50971 84210  84210
0.706858 1.50971 83250  83250
0.711222 1.50971 81950  81950
0.715585 1.50971 80480  80480
0.719948 1.50971 78770  78770
0.724312 1.50971 76660  76660
0.728675 1.50971 74140  74140
0.733038 1.50971 71590  71590
0.436332 1.51407 189750 189750
0.440696 1.51407 188480 188480
0.445059 1.51407 187050 187050
0.449422 1.51407 185390 185390
0.453786 1.51407 183430 183430
0.458149 1.51407 181110 181110
0.462512 1.51407 178390 178390
0.466876 1.51407 175340 175340
0.471239 1.51407 172060 172060
0.475602 1.51407 168730 168730
0.479966 1.51407 165550 165550
0.484329 1.51407 162670 162670
0.488692 1.51407 160160 160160
0.493056 1.51407 158030 158030
0.497419 1.51407 156200 156200
0.501782 1.51407 154580 154580
0.506145 1.51407 153090 153090
0.510509 1.51407 151680 151680
0.514872 1.51407 150320 150320
0.519235 1.51407 148990 148990
0.523599 1.51407 147670 147670
0.527962 1.51407 146370 146370
0.532325 1.51407 144980 144980
0.536689 1.51407 143420 143420
0.541052 1.51407 141610 141610
0.545415 1.51407 139550 139550
0.549779 1.51407 137290 137290
0.554142 1.51407 134940 134940
0.558505 1.51407 132630 132630
0.562869 1.51407 130440 130440
0.567232 1.51407 128420 128420
0.571595 1.51407 126400 126400
0.575959 1.51407 123890 123890
0.580322 1.51407 119670 119670
0.584685 1.51407 112000 112000
0.589049 1.51407 100190 100190
0.593412 1.51407 85790  85790
0.597775 1.51407 71720  71720
0.602139 1.51407 60550  60550
0.606502 1.51407 53440  53440
0.610865 1.51407 49840  49840
0.615229 1.51407 48410  48410
0.619592 1.51407 47990  47990
0.623955 1.51407 47930  47930
0.628319 1.51407 47960  47960
0.632682 1.51407 48000  48000
0.637045 1.51407 48000  48000
0.641409 1.51407 47940  47940
0.645772 1.51407 47900  47900
0.650135 1.51407 48490  48490
0.654498 1.51407 50900  50900
0.658862 1.51407 55800  55800
0.663225 1.51407 62340  62340
0.667588 1.51407 68710  68710
0.671952 1.51407 73330  73330
0.676315 1.51407 75880  75880
0.680678 1.51407 77480  77480
0.685042 1.51407 79270  79270
0.689405 1.51407 81160  81160
0.693768 1.51407 82400  82400
0.698132 1.51407 82580  82580
0.702495 1.51407 81890  81890
0.706858 1.51407 80810  80810
0.711222 1.51407 79660  79660
0.715585 1.51407 78310  78310
0.719948 1.51407 76460  76460
0.724312 1.51407 74000  74000
0.728675 1.51407 71160  71160
0.733038 1.51407 68420  68420
0.436332 1.51844 190180 190180
0.440696 1.51844 189040 189040
0.445059 1.51844 187750 187750
0.449422 1.51844 186250 186250
0.453786 1.51844 184440 184440
0.458149 1.51844 182230 182230
0.462512 1.51844 179560 179560
0.466876 1.51844 176410 176410
0.471239 1.51844 172920 172920
0.475602 1.51844 169290 169290
0.479966 1.51844 165740 165740
0.484329 1.51844 162480 162480
0.488692 1.51844 159610 159610
0.493056 1.51844 157150 157150
0.497419 1.51844 155020 155020
0.501782 1.51844 153120 153120
0.506145 1.51844 151380 151380
0.510509 1.51844 149760 149760
0.514872 1.51844 148200 148200
0.519235 1.51844 146670 146670
0.523599 1.51844 145120 145120
0.527962 1.51844 143500 143500
0.532325 1.51844 141790 141790
0.536689 1.51844 139940 139940
0.541052 1.51844 137970 137970
0.545415 1.51844 135940 135940
0.549779 1.51844 133950 133950
0.554142 1.51844 132090 132090
0.558505 1.51844 130410 130410
0.562869 1.51844 128920 128920
0.567232 1.51844 127530 127530
0.571595 1.51844 126050 126050
0.575959 1.51844 124060 124060
0.580322 1.51844 120740 120740
0.584685 1.51844 114900 114900
0.589049 1.51844 105670 105670
0.593412 1.51844 93220  93220
0.597775 1.51844 79290  79290
0.602139 1.51844 66740  66740
0.606502 1.51844 57740  57740
0.610865 1.51844 52400  52400
0.615229 1.51844 49660  49660
0.619592 1.51844 48430  48430
0.623955 1.51844 48000  48000
0.628319 1.51844 47940  47940
0.632682 1.51844 47990  47990
0.637045 1.51844 48000  48000
0.641409 1.51844 47950  47950
0.645772 1.51844 47910  47910
0.650135 1.51844 48460  48460
0.654498 1.51844 50740  50740
0.658862 1.51844 55330  55330
0.663225 1.51844 61450  61450
0.667588 1.51844 67430  67430
0.671952 1.51844 71930  71930
0.676315 1.51844 74630  74630
0.680678 1.51844 76340  76340
0.685042 1.51844 77920  77920
0.689405 1.51844 79370  79370
0.693768 1.51844 80160  80160
0.698132 1.51844 79950  79950
0.702495 1.51844 78940  78940
0.706858 1.51844 77680  77680
0.711222 1.51844 76530  76530
0.715585 1.51844 75150  75150
0.719948 1.51844 73020  73020
0.724312 1.51844 70080  70080
0.728675 1.51844 66760  66760
0.733038 1.51844 63740  63740
0.436332 1.5228 190640  90640
0.440696 1.5228 189620  89620
0.445059 1.5228 188450  88450
0.449422 1.5228 187060  87060
0.453786 1.5228 185370  85370
0.458149 1.5228 183250  83250
0.462512 1.5228 180600  80600
0.466876 1.5228 177370  77370
0.471239 1.5228 173670  73670
0.475602 1.5228 169740  69740
0.479966 1.5228 165840  65840
0.484329 1.5228 162210  62210
0.488692 1.5228 159010  59010
0.493056 1.5228 156240  56240
0.497419 1.5228 153840  53840
0.501782 1.5228 151680  51680
0.506145 1.5228 149690  49690
0.510509 1.5228 147800  47800
0.514872 1.5228 145940  45940
0.519235 1.5228 144040  44040
0.523599 1.5228 142030  42030
0.527962 1.5228 139890  39890
0.532325 1.5228 137700  37700
0.536689 1.5228 135550  35550
0.541052 1.5228 133590  33590
0.545415 1.5228 131910  31910
0.549779 1.5228 130540  30540
0.554142 1.5228 129470  29470
0.558505 1.5228 128630  28630
0.562869 1.5228 127910  27910
0.567232 1.5228 127150  27150
0.571595 1.5228 126120  26120
0.575959 1.5228 124480  24480
0.580322 1.5228 121720  21720
0.584685 1.5228 117060  17060
0.589049 1.5228 109580  09580
0.593412 1.5228 98630   8630
0.597775 1.5228 85160   5160
0.602139 1.5228 72190   2190
0.606502 1.5228 62350   2350
0.610865 1.5228 55880   5880
0.615229 1.5228 51740   1740
0.619592 1.5228 49270   9270
0.623955 1.5228 48160   8160
0.628319 1.5228 47930   7930
0.632682 1.5228 47970   7970
0.637045 1.5228 48000   8000
0.641409 1.5228 47960   7960
0.645772 1.5228 47920   7920
0.650135 1.5228 48420   8420
0.654498 1.5228 50420   0420
0.658862 1.5228 54490   4490
0.663225 1.5228 59980   9980
0.667588 1.5228 65530   5530
0.671952 1.5228 70010   0010
0.676315 1.5228 73060   3060
0.680678 1.5228 75080   5080
0.685042 1.5228 76590   6590
0.689405 1.5228 77650   7650
0.693768 1.5228 77970   7970
0.698132 1.5228 77380   7380
0.702495 1.5228 76060   6060
0.706858 1.5228 74510   4510
0.711222 1.5228 72990   2990
0.715585 1.5228 71200   1200
0.719948 1.5228 68640   8640
0.724312 1.5228 65210   5210
0.728675 1.5228 61410   1410
0.733038 1.5228 58130   8130
0.436332 1.52716 191120 191120
0.440696 1.52716 190170 190170
0.445059 1.52716 189080 189080
0.449422 1.52716 187780 187780
0.453786 1.52716 186160 186160
0.458149 1.52716 184100 184100
0.462512 1.52716 181450 181450
0.466876 1.52716 178150 178150
0.471239 1.52716 174290 174290
0.475602 1.52716 170100 170100
0.479966 1.52716 165900 165900
0.484329 1.52716 161980 161980
0.488692 1.52716 158480 158480
0.493056 1.52716 155460 155460
0.497419 1.52716 152800 152800
0.501782 1.52716 150400 150400
0.506145 1.52716 148120 148120
0.510509 1.52716 145870 145870
0.514872 1.52716 143540 143540
0.519235 1.52716 141020 141020
0.523599 1.52716 138230 138230
0.527962 1.52716 135270 135270
0.532325 1.52716 132460 132460
0.536689 1.52716 130140 130140
0.541052 1.52716 128540 128540
0.545415 1.52716 127670 127670
0.549779 1.52716 127370 127370
0.554142 1.52716 127400 127400
0.558505 1.52716 127520 127520
0.562869 1.52716 127560 127560
0.567232 1.52716 127350 127350
0.571595 1.52716 126660 126660
0.575959 1.52716 125230 125230
0.580322 1.52716 122700 122700
0.584685 1.52716 118610 118610
0.589049 1.52716 112010 112010
0.593412 1.52716 101940 101940
0.597775 1.52716 89060  89060
0.602139 1.52716 76370  76370
0.606502 1.52716 66520  66520
0.610865 1.52716 59480  59480
0.615229 1.52716 54080  54080
0.619592 1.52716 50260  50260
0.623955 1.52716 48370  48370
0.628319 1.52716 47910  47910
0.632682 1.52716 47960  47960
0.637045 1.52716 48000  48000
0.641409 1.52716 47970  47970
0.645772 1.52716 47940  47940
0.650135 1.52716 48300  48300
0.654498 1.52716 49840  49840
0.658862 1.52716 53100  53100
0.663225 1.52716 57760  57760
0.667588 1.52716 62880  62880
0.671952 1.52716 67440  67440
0.676315 1.52716 70870  70870
0.680678 1.52716 73190  73190
0.685042 1.52716 74640  74640
0.689405 1.52716 75360  75360
0.693768 1.52716 75270  75270
0.698132 1.52716 74370  74370
0.702495 1.52716 72860  72860
0.706858 1.52716 71050  71050
0.711222 1.52716 69060  69060
0.715585 1.52716 66710  66710
0.719948 1.52716 63690  63690
0.724312 1.52716 60020  60020
0.728675 1.52716 56170  56170
0.733038 1.52716 53070  53070
0.436332 1.53153 191580 191580
0.440696 1.53153 190680 190680
0.445059 1.53153 189620 189620
0.449422 1.53153 188350 188350
0.453786 1.53153 186770 186770
0.458149 1.53153 184730 184730
0.462512 1.53153 182080 182080
0.466876 1.53153 178730 178730
0.471239 1.53153 174760 174760
0.475602 1.53153 170400 170400
0.479966 1.53153 166000 166000
0.484329 1.53153 161870 161870
0.488692 1.53153 158170 158170
0.493056 1.53153 154920 154920
0.497419 1.53153 152040 152040
0.501782 1.53153 149380 149380
0.506145 1.53153 146760 146760
0.510509 1.53153 144040 144040
0.514872 1.53153 141020 141020
0.519235 1.53153 137590 137590
0.523599 1.53153 133740 133740
0.527962 1.53153 129770 129770
0.532325 1.53153 126350 126350
0.536689 1.53153 124130 124130
0.541052 1.53153 123330 123330
0.545415 1.53153 123750 123750
0.549779 1.53153 124860 124860
0.554142 1.53153 126140 126140
0.558505 1.53153 127220 127220
0.562869 1.53153 127910 127910
0.567232 1.53153 128100 128100
0.571595 1.53153 127630 127630
0.575959 1.53153 126300 126300
0.580322 1.53153 123880 123880
0.584685 1.53153 120000 120000
0.589049 1.53153 113790 113790
0.593412 1.53153 104160 104160
0.597775 1.53153 91700  91700
0.602139 1.53153 79400  79400
0.606502 1.53153 69790  69790
0.610865 1.53153 62420  62420
0.615229 1.53153 56030  56030
0.619592 1.53153 51090  51090
0.623955 1.53153 48540  48540
0.628319 1.53153 47890  47890
0.632682 1.53153 47940  47940
0.637045 1.53153 48000  48000
0.641409 1.53153 47980  47980
0.645772 1.53153 47950  47950
0.650135 1.53153 48140  48140
0.654498 1.53153 49070  49070
0.658862 1.53153 51250  51250
0.663225 1.53153 54870  54870
0.667588 1.53153 59470  59470
0.671952 1.53153 64050  64050
0.676315 1.53153 67680  67680
0.680678 1.53153 70090  70090
0.685042 1.53153 71390  71390
0.689405 1.53153 71730  71730
0.693768 1.53153 71220  71220
0.698132 1.53153 70060  70060
0.702495 1.53153 68490  68490
0.706858 1.53153 66660  66660
0.711222 1.53153 64540  64540
0.715585 1.53153 61920  61920
0.719948 1.53153 58720  58720
0.724312 1.53153 55240  55240
0.728675 1.53153 52070  52070
0.733038 1.53153 49820  49820
0.436332 1.53589 192040 192040
0.440696 1.53589 191120 191120
0.445059 1.53589 190060 190060
0.449422 1.53589 188780 188780
0.453786 1.53589 187190 187190
0.458149 1.53589 185150 185150
0.462512 1.53589 182490 182490
0.466876 1.53589 179100 179100
0.471239 1.53589 175080 175080
0.475602 1.53589 170660 170660
0.479966 1.53589 166180 166180
0.484329 1.53589 161950 161950
0.488692 1.53589 158120 158120
0.493056 1.53589 154720 154720
0.497419 1.53589 151630 151630
0.501782 1.53589 148690 148690
0.506145 1.53589 145680 145680
0.510509 1.53589 142340 142340
0.514872 1.53589 138430 138430
0.519235 1.53589 133860 133860
0.523599 1.53589 128840 128840
0.527962 1.53589 124010 124010
0.532325 1.53589 120360 120360
0.536689 1.53589 118680 118680
0.541052 1.53589 119040 119040
0.545415 1.53589 120920 120920
0.549779 1.53589 123440 123440
0.554142 1.53589 125830 125830
0.558505 1.53589 127660 127660
0.562869 1.53589 128810 128810
0.567232 1.53589 129240 129240
0.571595 1.53589 128890 128890
0.575959 1.53589 127610 127610
0.580322 1.53589 125250 125250
0.584685 1.53589 121490 121490
0.589049 1.53589 115420 115420
0.593412 1.53589 105880 105880
0.597775 1.53589 93510  93510
0.602139 1.53589 81400  81400
0.606502 1.53589 71980  71980
0.610865 1.53589 64470  64470
0.615229 1.53589 57440  57440
0.619592 1.53589 51680  51680
0.623955 1.53589 48630  48630
0.628319 1.53589 47860  47860
0.632682 1.53589 47930  47930
0.637045 1.53589 48010  48010
0.641409 1.53589 47990  47990
0.645772 1.53589 47960  47960
0.650135 1.53589 48000  48000
0.654498 1.53589 48370  48370
0.658862 1.53589 49510  49510
0.663225 1.53589 51950  51950
0.667588 1.53589 55700  55700
0.671952 1.53589 59910  59910
0.676315 1.53589 63500  63500
0.680678 1.53589 65930  65930
0.685042 1.53589 67050  67050
0.689405 1.53589 66930  66930
0.693768 1.53589 65850  65850
0.698132 1.53589 64310  64310
0.702495 1.53589 62730  62730
0.706858 1.53589 61170  61170
0.711222 1.53589 59400  59400
0.715585 1.53589 57110  57110
0.719948 1.53589 54320  54320
0.724312 1.53589 51570  51570
0.728675 1.53589 49520  49520
0.733038 1.53589 48340  48340
0.436332 1.54025 192490 192490
0.440696 1.54025 191510 191510
0.445059 1.54025 190390 190390
0.449422 1.54025 189070 189070
0.453786 1.54025 187440 187440
0.458149 1.54025 185370 185370
0.462512 1.54025 182680 182680
0.466876 1.54025 179280 179280
0.471239 1.54025 175270 175270
0.475602 1.54025 170890 170890
0.479966 1.54025 166460 166460
0.484329 1.54025 162250 162250
0.488692 1.54025 158380 158380
0.493056 1.54025 154870 154870
0.497419 1.54025 151590 151590
0.501782 1.54025 148360 148360
0.506145 1.54025 144910 144910
0.510509 1.54025 140870 140870
0.514872 1.54025 135930 135930
0.519235 1.54025 130110 130110
0.523599 1.54025 124060 124060
0.527962 1.54025 118860 118860
0.532325 1.54025 115590 115590
0.536689 1.54025 114890 114890
0.541052 1.54025 116520 116520
0.545415 1.54025 119650 119650
0.549779 1.54025 123200 123200
0.554142 1.54025 126320 126320
0.558505 1.54025 128610 128610
0.562869 1.54025 130010 130010
0.567232 1.54025 130550 130550
0.571595 1.54025 130240 130240
0.575959 1.54025 129010 129010
0.580322 1.54025 126720 126720
0.584685 1.54025 123050 123050
0.589049 1.54025 117040 117040
0.593412 1.54025 107520 107520
0.597775 1.54025 95110  95110
0.602139 1.54025 83050  83050
0.606502 1.54025 73750  73750
0.610865 1.54025 66100  66100
0.615229 1.54025 58500  58500
0.619592 1.54025 52110  52110
0.623955 1.54025 48680  48680
0.628319 1.54025 47830  47830
0.632682 1.54025 47910  47910
0.637045 1.54025 48000  48000
0.641409 1.54025 48000  48000
0.645772 1.54025 47970  47970
0.650135 1.54025 47940  47940
0.654498 1.54025 47990  47990
0.658862 1.54025 48420  48420
0.663225 1.54025 49750  49750
0.667588 1.54025 52250  52250
0.671952 1.54025 55540  55540
0.676315 1.54025 58840  58840
0.680678 1.54025 61310  61310
0.685042 1.54025 62320  62320
0.689405 1.54025 61740  61740
0.693768 1.54025 60010  60010
0.698132 1.54025 58020  58020
0.702495 1.54025 56470  56470
0.706858 1.54025 55370  55370
0.711222 1.54025 54260  54260
0.715585 1.54025 52790  52790
0.719948 1.54025 50980  50980
0.724312 1.54025 49310  49310
0.728675 1.54025 48280  48280
0.733038 1.54025 47950  47950
0.436332 1.54462 192950 192950
0.440696 1.54462 191870 191870
0.445059 1.54462 190660 190660
0.449422 1.54462 189250 189250
0.453786 1.54462 187550 187550
0.458149 1.54462 185420 185420
0.462512 1.54462 182700 182700
0.466876 1.54462 179310 179310
0.471239 1.54462 175370 175370
0.475602 1.54462 171130 171130
0.479966 1.54462 166860 166860
0.484329 1.54462 162760 162760
0.488692 1.54462 158910 158910
0.493056 1.54462 155320 155320
0.497419 1.54462 151870 151870
0.501782 1.54462 148350 148350
0.506145 1.54462 144430 144430
0.510509 1.54462 139670 139670
0.514872 1.54462 133710 133710
0.519235 1.54462 126780 126780
0.523599 1.54462 120040 120040
0.527962 1.54462 114960 114960
0.532325 1.54462 112520 112520
0.536689 1.54462 112950 112950
0.541052 1.54462 115670 115670
0.545415 1.54462 119640 119640
0.549779 1.54462 123760 123760
0.554142 1.54462 127240 127240
0.558505 1.54462 129710 129710
0.562869 1.54462 131200 131200
0.567232 1.54462 131770 131770
0.571595 1.54462 131480 131480
0.575959 1.54462 130290 130290
0.580322 1.54462 128100 128100
0.584685 1.54462 124550 124550
0.589049 1.54462 118770 118770
0.593412 1.54462 109690 109690
0.597775 1.54462 97830  97830
0.602139 1.54462 86050  86050
0.606502 1.54462 76500  76500
0.610865 1.54462 68090  68090
0.615229 1.54462 59600  59600
0.619592 1.54462 52510  52510
0.623955 1.54462 48740  48740
0.628319 1.54462 47790  47790
0.632682 1.54462 47880  47880
0.637045 1.54462 47990  47990
0.641409 1.54462 48000  48000
0.645772 1.54462 47990  47990
0.650135 1.54462 47960  47960
0.654498 1.54462 47910  47910
0.658862 1.54462 48000  48000
0.663225 1.54462 48500  48500
0.667588 1.54462 49740  49740
0.671952 1.54462 51850  51850
0.676315 1.54462 54490  54490
0.680678 1.54462 56710  56710
0.685042 1.54462 57570  57570
0.689405 1.54462 56790  56790
0.693768 1.54462 54820  54820
0.698132 1.54462 52750  52750
0.702495 1.54462 51420  51420
0.706858 1.54462 50780  50780
0.711222 1.54462 50320  50320
0.715585 1.54462 49710  49710
0.719948 1.54462 48930  48930
0.724312 1.54462 48230  48230
0.728675 1.54462 47970  47970
0.733038 1.54462 48320  48320
0.436332 1.54898 193430 193430
0.440696 1.54898 192230 192230
0.445059 1.54898 190890 190890
0.449422 1.54898 189360 189360
0.453786 1.54898 187570 187570
0.458149 1.54898 185370 185370
0.462512 1.54898 182630 182630
0.466876 1.54898 179280 179280
0.471239 1.54898 175470 175470
0.475602 1.54898 171440 171440
0.479966 1.54898 167390 167390
0.484329 1.54898 163450 163450
0.488692 1.54898 159670 159670
0.493056 1.54898 156030 156030
0.497419 1.54898 152400 152400
0.501782 1.54898 148580 148580
0.506145 1.54898 144190 144190
0.510509 1.54898 138750 138750
0.514872 1.54898 131940 131940
0.519235 1.54898 124210 124210
0.523599 1.54898 117160 117160
0.527962 1.54898 112520 112520
0.532325 1.54898 111010 111010
0.536689 1.54898 112390 112390
0.541052 1.54898 115810 115810
0.545415 1.54898 120190 120190
0.549779 1.54898 124530 124530
0.554142 1.54898 128110 128110
0.558505 1.54898 130630 130630
0.562869 1.54898 132130 132130
0.567232 1.54898 132710 132710
0.571595 1.54898 132450 132450
0.575959 1.54898 131330 131330
0.580322 1.54898 129240 129240
0.584685 1.54898 125880 125880
0.589049 1.54898 120580 120580
0.593412 1.54898 112610 112610
0.597775 1.54898 102240 102240
0.602139 1.54898 91220  91220
0.606502 1.54898 80880  80880
0.610865 1.54898 70870  70870
0.615229 1.54898 61040  61040
0.619592 1.54898 53180  53180
0.623955 1.54898 49020  49020
0.628319 1.54898 47870  47870
0.632682 1.54898 47870  47870
0.637045 1.54898 47970  47970
0.641409 1.54898 48000  48000
0.645772 1.54898 48000  48000
0.650135 1.54898 47990  47990
0.654498 1.54898 47950  47950
0.658862 1.54898 47920  47920
0.663225 1.54898 48000  48000
0.667588 1.54898 48430  48430
0.671952 1.54898 49500  49500
0.676315 1.54898 51130  51130
0.680678 1.54898 52630  52630
0.685042 1.54898 53210  53210
0.689405 1.54898 52580  52580
0.693768 1.54898 51100  51100
0.698132 1.54898 49600  49600
0.702495 1.54898 48720  48720
0.706858 1.54898 48410  48410
0.711222 1.54898 48330  48330
0.715585 1.54898 48280  48280
0.719948 1.54898 48240  48240
0.724312 1.54898 48270  48270
0.728675 1.54898 48620  48620
0.733038 1.54898 49710  49710
0.436332 1.55334 193960 193960
0.440696 1.55334 192610 192610
0.445059 1.55334 191110 191110
0.449422 1.55334 189440 189440
0.453786 1.55334 187530 187530
0.458149 1.55334 185280 185280
0.462512 1.55334 182540 182540
0.466876 1.55334 179280 179280
0.471239 1.55334 175650 175650
0.475602 1.55334 171850 171850
0.479966 1.55334 168030 168030
0.484329 1.55334 164270 164270
0.488692 1.55334 160570 160570
0.493056 1.55334 156890 156890
0.497419 1.55334 153100 153100
0.501782 1.55334 148960 148960
0.506145 1.55334 144100 144100
0.510509 1.55334 138050 138050
0.514872 1.55334 130580 130580
0.519235 1.55334 122400 122400
0.523599 1.55334 115370 115370
0.527962 1.55334 111270 111270
0.532325 1.55334 110540 110540
0.536689 1.55334 112550 112550
0.541052 1.55334 116310 116310
0.545415 1.55334 120800 120800
0.549779 1.55334 125130 125130
0.554142 1.55334 128670 128670
0.558505 1.55334 131180 131180
0.562869 1.55334 132680 132680
0.567232 1.55334 133280 133280
0.571595 1.55334 133070 133070
0.575959 1.55334 132050 132050
0.580322 1.55334 130100 130100
0.584685 1.55334 126980 126980
0.589049 1.55334 122300 122300
0.593412 1.55334 115660 115660
0.597775 1.55334 107040 107040
0.602139 1.55334 96880  96880
0.606502 1.55334 85690  85690
0.610865 1.55334 74050  74050
0.615229 1.55334 63070  63070
0.619592 1.55334 54610  54610
0.623955 1.55334 49930  49930
0.628319 1.55334 48260  48260
0.632682 1.55334 47940  47940
0.637045 1.55334 47960  47960
0.641409 1.55334 47990  47990
0.645772 1.55334 48000  48000
0.650135 1.55334 48000  48000
0.654498 1.55334 47990  47990
0.658862 1.55334 47950  47950
0.663225 1.55334 47920  47920
0.667588 1.55334 48000  48000
0.671952 1.55334 48380  48380
0.676315 1.55334 49060  49060
0.680678 1.55334 49730  49730
0.685042 1.55334 50000  50000
0.689405 1.55334 49690  49690
0.693768 1.55334 48990  48990
0.698132 1.55334 48300  48300
0.702495 1.55334 47900  47900
0.706858 1.55334 47800  47800
0.711222 1.55334 47910  47910
0.715585 1.55334 48290  48290
0.719948 1.55334 48960  48960
0.724312 1.55334 49780  49780
0.728675 1.55334 50840  50840
0.733038 1.55334 52700  52700
0.436332 1.55771 194550 194550
0.440696 1.55771 193030 193030
0.445059 1.55771 191360 191360
0.449422 1.55771 189520 189520
0.453786 1.55771 187490 187490
0.458149 1.55771 185190 185190
0.462512 1.55771 182500 182500
0.466876 1.55771 179390 179390
0.471239 1.55771 175960 175960
0.475602 1.55771 172390 172390
0.479966 1.55771 168780 168780
0.484329 1.55771 165170 165170
0.488692 1.55771 161550 161550
0.493056 1.55771 157840 157840
0.497419 1.55771 153880 153880
0.501782 1.55771 149420 149420
0.506145 1.55771 144070 144070
0.510509 1.55771 137440 137440
0.514872 1.55771 129500 129500
0.519235 1.55771 121150 121150
0.523599 1.55771 114350 114350
0.527962 1.55771 110770 110770
0.532325 1.55771 110600 110600
0.536689 1.55771 112960 112960
0.541052 1.55771 116800 116800
0.545415 1.55771 121200 121200
0.549779 1.55771 125400 125400
0.554142 1.55771 128850 128850
0.558505 1.55771 131330 131330
0.562869 1.55771 132840 132840
0.567232 1.55771 133480 133480
0.571595 1.55771 133360 133360
0.575959 1.55771 132470 132470
0.580322 1.55771 130700 130700
0.584685 1.55771 127850 127850
0.589049 1.55771 123720 123720
0.593412 1.55771 118090 118090
0.597775 1.55771 110660 110660
0.602139 1.55771 101040 101040
0.606502 1.55771 89360  89360
0.610865 1.55771 76920  76920
0.615229 1.55771 65580  65580
0.619592 1.55771 56900  56900
0.623955 1.55771 51540  51540
0.628319 1.55771 48980  48980
0.632682 1.55771 48100  48100
0.637045 1.55771 47950  47950
0.641409 1.55771 47980  47980
0.645772 1.55771 48000  48000
0.650135 1.55771 48000  48000
0.654498 1.55771 48000  48000
0.658862 1.55771 47990  47990
0.663225 1.55771 47960  47960
0.667588 1.55771 47940  47940
0.671952 1.55771 48010  48010
0.676315 1.55771 48160  48160
0.680678 1.55771 48320  48320
0.685042 1.55771 48390  48390
0.689405 1.55771 48310  48310
0.693768 1.55771 48130  48130
0.698132 1.55771 47950  47950
0.702495 1.55771 47850  47850
0.706858 1.55771 47920  47920
0.711222 1.55771 48320  48320
0.715585 1.55771 49330  49330
0.719948 1.55771 50980  50980
0.724312 1.55771 52880  52880
0.728675 1.55771 54830  54830
0.733038 1.55771 57300  57300
0.436332 1.56207 195230 195230
0.440696 1.56207 193530 193530
0.445059 1.56207 191670 191670
0.449422 1.56207 189650 189650
0.453786 1.56207 187500 187500
0.458149 1.56207 185170 185170
0.462512 1.56207 182580 182580
0.466876 1.56207 179660 179660
0.471239 1.56207 176460 176460
0.475602 1.56207 173110 173110
0.479966 1.56207 169670 169670
0.484329 1.56207 166190 166190
0.488692 1.56207 162610 162610
0.493056 1.56207 158850 158850
0.497419 1.56207 154710 154710
0.501782 1.56207 149910 149910
0.506145 1.56207 144040 144040
0.510509 1.56207 136840 136840
0.514872 1.56207 128530 128530
0.519235 1.56207 120200 120200
0.523599 1.56207 113780 113780
0.527962 1.56207 110690 110690
0.532325 1.56207 110890 110890
0.536689 1.56207 113380 113380
0.541052 1.56207 117140 117140
0.545415 1.56207 121360 121360
0.549779 1.56207 125370 125370
0.554142 1.56207 128710 128710
0.558505 1.56207 131140 131140
0.562869 1.56207 132680 132680
0.567232 1.56207 133400 133400
0.571595 1.56207 133390 133390
0.575959 1.56207 132670 132670
0.580322 1.56207 131120 131120
0.584685 1.56207 128590 128590
0.589049 1.56207 124900 124900
0.593412 1.56207 119900 119900
0.597775 1.56207 113070 113070
0.602139 1.56207 103690 103690
0.606502 1.56207 91860  91860
0.610865 1.56207 79300  79300
0.615229 1.56207 68110  68110
0.619592 1.56207 59390  59390
0.623955 1.56207 53320  53320
0.628319 1.56207 49770  49770
0.632682 1.56207 48270  48270
0.637045 1.56207 47940  47940
0.641409 1.56207 47970  47970
0.645772 1.56207 48000  48000
0.650135 1.56207 48000  48000
0.654498 1.56207 48000  48000
0.658862 1.56207 48000  48000
0.663225 1.56207 47990  47990
0.667588 1.56207 47970  47970
0.671952 1.56207 47960  47960
0.676315 1.56207 47960  47960
0.680678 1.56207 47960  47960
0.685042 1.56207 47970  47970
0.689405 1.56207 47970  47970
0.693768 1.56207 47950  47950
0.698132 1.56207 47920  47920
0.702495 1.56207 47970  47970
0.706858 1.56207 48370  48370
0.711222 1.56207 49390  49390
0.715585 1.56207 51300  51300
0.719948 1.56207 53990  53990
0.724312 1.56207 56890  56890
0.728675 1.56207 59630  59630
0.733038 1.56207 62490  62490
0.436332 1.56643 196030 196030
0.440696 1.56643 194140 194140
0.445059 1.56643 192090 192090
0.449422 1.56643 189910 189910
0.453786 1.56643 187650 187650
0.458149 1.56643 185320 185320
0.462512 1.56643 182860 182860
0.466876 1.56643 180180 180180
0.471239 1.56643 177260 177260
0.475602 1.56643 174140 174140
0.479966 1.56643 170860 170860
0.484329 1.56643 167430 167430
0.488692 1.56643 163820 163820
0.493056 1.56643 159950 159950
0.497419 1.56643 155580 155580
0.501782 1.56643 150370 150370
0.506145 1.56643 143940 143940
0.510509 1.56643 136160 136160
0.514872 1.56643 127540 127540
0.519235 1.56643 119400 119400
0.523599 1.56643 113460 113460
0.527962 1.56643 110840 110840
0.532325 1.56643 111290 111290
0.536689 1.56643 113770 113770
0.541052 1.56643 117360 117360
0.545415 1.56643 121330 121330
0.549779 1.56643 125140 125140
0.554142 1.56643 128350 128350
0.558505 1.56643 130760 130760
0.562869 1.56643 132340 132340
0.567232 1.56643 133160 133160
0.571595 1.56643 133300 133300
0.575959 1.56643 132770 132770
0.580322 1.56643 131500 131500
0.584685 1.56643 129320 129320
0.589049 1.56643 126100 126100
0.593412 1.56643 121600 121600
0.597775 1.56643 115220 115220
0.602139 1.56643 106120 106120
0.606502 1.56643 94410  94410
0.610865 1.56643 81890  81890
0.615229 1.56643 70690  70690
0.619592 1.56643 61610  61610
0.623955 1.56643 54740  54740
0.628319 1.56643 50340  50340
0.632682 1.56643 48340  48340
0.637045 1.56643 47890  47890
0.641409 1.56643 47950  47950
0.645772 1.56643 48000  48000
0.650135 1.56643 48010  48010
0.654498 1.56643 48000  48000
0.658862 1.56643 48000  48000
0.663225 1.56643 48000  48000
0.667588 1.56643 48000  48000
0.671952 1.56643 47990  47990
0.676315 1.56643 47980  47980
0.680678 1.56643 47970  47970
0.685042 1.56643 47970  47970
0.689405 1.56643 47970  47970
0.693768 1.56643 47950  47950
0.698132 1.56643 47920  47920
0.702495 1.56643 48120  48120
0.706858 1.56643 49070  49070
0.711222 1.56643 51120  51120
0.715585 1.56643 54110  54110
0.719948 1.56643 57540  57540
0.724312 1.56643 60930  60930
0.728675 1.56643 64070  64070
0.733038 1.56643 67090  67090
0.436332 1.5708 196950  96950
0.440696 1.5708 194890  94890
0.445059 1.5708 192690  92690
0.449422 1.5708 190370  90370
0.453786 1.5708 188020  88020
0.458149 1.5708 185710  85710
0.462512 1.5708 183440  83440
0.466876 1.5708 181020  81020
0.471239 1.5708 178230  78230
0.475602 1.5708 175070  75070
0.479966 1.5708 171800  71800
0.484329 1.5708 168530  68530
0.488692 1.5708 165110  65110
0.493056 1.5708 161210  61210
0.497419 1.5708 156520  56520
0.501782 1.5708 150810  50810
0.506145 1.5708 143750  43750
0.510509 1.5708 135370  35370
0.514872 1.5708 126510  26510
0.519235 1.5708 118650  18650
0.523599 1.5708 113290  13290
0.527962 1.5708 111140  11140
0.532325 1.5708 111770  11770
0.536689 1.5708 114190  14190
0.541052 1.5708 117560  17560
0.545415 1.5708 121280  21280
0.549779 1.5708 124880  24880
0.554142 1.5708 127970  27970
0.558505 1.5708 130360  30360
0.562869 1.5708 131990  31990
0.567232 1.5708 132930  32930
0.571595 1.5708 133230  33230
0.575959 1.5708 132930  32930
0.580322 1.5708 131960  31960
0.584685 1.5708 130190  30190
0.589049 1.5708 127490  27490
0.593412 1.5708 123590  23590
0.597775 1.5708 117880  17880
0.602139 1.5708 109500  09500
0.606502 1.5708 98390   8390
0.610865 1.5708 86030   6030
0.615229 1.5708 74290   4290
0.619592 1.5708 64130   4130
0.623955 1.5708 56070   6070
0.628319 1.5708 50780   0780
0.632682 1.5708 48350   8350
0.637045 1.5708 47810   7810
0.641409 1.5708 47900   7900
0.645772 1.5708 47990   7990
0.650135 1.5708 48000   8000
0.654498 1.5708 48000   8000
0.658862 1.5708 48000   8000
0.663225 1.5708 48000   8000
0.667588 1.5708 48000   8000
0.671952 1.5708 48000   8000
0.676315 1.5708 48000   8000
0.680678 1.5708 48000   8000
0.685042 1.5708 48000   8000
0.689405 1.5708 47980   7980
0.693768 1.5708 47930   7930
0.698132 1.5708 47890   7890
0.702495 1.5708 48300   8300
0.706858 1.5708 49930   9930
0.711222 1.5708 53110   3110
0.715585 1.5708 57150   7150
0.719948 1.5708 61090   1090
0.724312 1.5708 64590   4590
0.728675 1.5708 67780   7780
0.733038 1.5708 70700   0700
0.436332 1.57516 198000 198000
0.440696 1.57516 195800 195800
0.445059 1.57516 193490 193490
0.449422 1.57516 191070 191070
0.453786 1.57516 188650 188650
0.458149 1.57516 186380 186380
0.462512 1.57516 184280 184280
0.466876 1.57516 181790 181790
0.471239 1.57516 178050 178050
0.475602 1.57516 173370 173370
0.479966 1.57516 169380 169380
0.484329 1.57516 167020 167020
0.488692 1.57516 165280 165280
0.493056 1.57516 162350 162350
0.497419 1.57516 157560 157560
0.501782 1.57516 151260 151260
0.506145 1.57516 143510 143510
0.510509 1.57516 134520 134520
0.514872 1.57516 125460 125460
0.519235 1.57516 117970 117970
0.523599 1.57516 113240 113240
0.527962 1.57516 111560 111560
0.532325 1.57516 112360 112360
0.536689 1.57516 114710 114710
0.541052 1.57516 117880 117880
0.545415 1.57516 121380 121380
0.549779 1.57516 124780 124780
0.554142 1.57516 127770 127770
0.558505 1.57516 130150 130150
0.562869 1.57516 131840 131840
0.567232 1.57516 132890 132890
0.571595 1.57516 133360 133360
0.575959 1.57516 133290 133290
0.580322 1.57516 132640 132640
0.584685 1.57516 131300 131300
0.589049 1.57516 129160 129160
0.593412 1.57516 125990 125990
0.597775 1.57516 121250 121250
0.602139 1.57516 114200 114200
0.606502 1.57516 104480 104480
0.610865 1.57516 92710  92710
0.615229 1.57516 80180  80180
0.619592 1.57516 68290  68290
0.623955 1.57516 58480  58480
0.628319 1.57516 51880  51880
0.632682 1.57516 48700  48700
0.637045 1.57516 47840  47840
0.641409 1.57516 47850  47850
0.645772 1.57516 47950  47950
0.650135 1.57516 47990  47990
0.654498 1.57516 48000  48000
0.658862 1.57516 48000  48000
0.663225 1.57516 48000  48000
0.667588 1.57516 48000  48000
0.671952 1.57516 48000  48000
0.676315 1.57516 48000  48000
0.680678 1.57516 48000  48000
0.685042 1.57516 48000  48000
0.689405 1.57516 47970  47970
0.693768 1.57516 47910  47910
0.698132 1.57516 47990  47990
0.702495 1.57516 48740  48740
0.706858 1.57516 51050  51050
0.711222 1.57516 55160  55160
0.715585 1.57516 59980  59980
0.719948 1.57516 64270  64270
0.724312 1.57516 67800  67800
0.728675 1.57516 70840  70840
0.733038 1.57516 73410  73410
0.436332 1.57952 199080 199080
0.440696 1.57952 196810 196810
0.445059 1.57952 194440 194440
0.449422 1.57952 191980 191980
0.453786 1.57952 189510 189510
0.458149 1.57952 187300 187300
0.462512 1.57952 185250 185250
0.466876 1.57952 181750 181750
0.471239 1.57952 174470 174470
0.475602 1.57952 164640 164640
0.479966 1.57952 158000 158000
0.484329 1.57952 158110 158110
0.488692 1.57952 161530 161530
0.493056 1.57952 162250 162250
0.497419 1.57952 158470 158470
0.501782 1.57952 151770 151770
0.506145 1.57952 143300 143300
0.510509 1.57952 133700 133700
0.514872 1.57952 124490 124490
0.519235 1.57952 117400 117400
0.523599 1.57952 113330 113330
0.527962 1.57952 112140 112140
0.532325 1.57952 113110 113110
0.536689 1.57952 115430 115430
0.541052 1.57952 118460 118460
0.545415 1.57952 121790 121790
0.549779 1.57952 125050 125050
0.554142 1.57952 127940 127940
0.558505 1.57952 130290 130290
0.562869 1.57952 132030 132030
0.567232 1.57952 133180 133180
0.571595 1.57952 133820 133820
0.575959 1.57952 133980 133980
0.580322 1.57952 133640 133640
0.584685 1.57952 132730 132730
0.589049 1.57952 131160 131160
0.593412 1.57952 128760 128760
0.597775 1.57952 125190 125190
0.602139 1.57952 119860 119860
0.606502 1.57952 112140 112140
0.610865 1.57952 101680 101680
0.615229 1.57952 88910  88910
0.619592 1.57952 75460  75460
0.623955 1.57952 63540  63540
0.628319 1.57952 54920  54920
0.632682 1.57952 50170  50170
0.637045 1.57952 48340  48340
0.641409 1.57952 47910  47910
0.645772 1.57952 47900  47900
0.650135 1.57952 47950  47950
0.654498 1.57952 47990  47990
0.658862 1.57952 48000  48000
0.663225 1.57952 48000  48000
0.667588 1.57952 48000  48000
0.671952 1.57952 48000  48000
0.676315 1.57952 48000  48000
0.680678 1.57952 48000  48000
0.685042 1.57952 47990  47990
0.689405 1.57952 47950  47950
0.693768 1.57952 47990  47990
0.698132 1.57952 48460  48460
0.702495 1.57952 49900  49900
0.706858 1.57952 52970  52970
0.711222 1.57952 57630  57630
0.715585 1.57952 62730  62730
0.719948 1.57952 67090  67090
0.724312 1.57952 70480  70480
0.728675 1.57952 73200  73200
0.733038 1.57952 75370  75370
0.436332 1.58389 200100 200100
0.440696 1.58389 197820 197820
0.445059 1.58389 195440 195440
0.449422 1.58389 192970 192970
0.453786 1.58389 190510 190510
0.458149 1.58389 188360 188360
0.462512 1.58389 186170 186170
0.466876 1.58389 180730 180730
0.471239 1.58389 167260 167260
0.475602 1.58389 148000 148000
0.479966 1.58389 135620 135620
0.484329 1.58389 138970 138970
0.488692 1.58389 150840 150840
0.493056 1.58389 158440 158440
0.497419 1.58389 157930 157930
0.501782 1.58389 152000 152000
0.506145 1.58389 143160 143160
0.510509 1.58389 133040 133040
0.514872 1.58389 123700 123700
0.519235 1.58389 117040 117040
0.523599 1.58389 113610 113610
0.527962 1.58389 112900 112900
0.532325 1.58389 114080 114080
0.536689 1.58389 116420 116420
0.541052 1.58389 119390 119390
0.545415 1.58389 122630 122630
0.549779 1.58389 125790 125790
0.554142 1.58389 128610 128610
0.558505 1.58389 130920 130920
0.562869 1.58389 132670 132670
0.567232 1.58389 133910 133910
0.571595 1.58389 134690 134690
0.575959 1.58389 135060 135060
0.580322 1.58389 135020 135020
0.584685 1.58389 134510 134510
0.589049 1.58389 133470 133470
0.593412 1.58389 131810 131810
0.597775 1.58389 129360 129360
0.602139 1.58389 125730 125730
0.606502 1.58389 120170 120170
0.610865 1.58389 111680 111680
0.615229 1.58389 99850  99850
0.619592 1.58389 85790  85790
0.623955 1.58389 71840  71840
0.628319 1.58389 60530  60530
0.632682 1.58389 53330  53330
0.637045 1.58389 49770  49770
0.641409 1.58389 48380  48380
0.645772 1.58389 47960  47960
0.650135 1.58389 47900  47900
0.654498 1.58389 47950  47950
0.658862 1.58389 47990  47990
0.663225 1.58389 48000  48000
0.667588 1.58389 48000  48000
0.671952 1.58389 48000  48000
0.676315 1.58389 48000  48000
0.680678 1.58389 48000  48000
0.685042 1.58389 47960  47960
0.689405 1.58389 47920  47920
0.693768 1.58389 48160  48160
0.698132 1.58389 49310  49310
0.702495 1.58389 51900  51900
0.706858 1.58389 55910  55910
0.711222 1.58389 60780  60780
0.715585 1.58389 65610  65610
0.719948 1.58389 69670  69670
0.724312 1.58389 72740  72740
0.728675 1.58389 75010  75010
0.733038 1.58389 76960  76960
0.436332 1.58825 200930 200930
0.440696 1.58825 198700 198700
0.445059 1.58825 196360 196360
0.449422 1.58825 193910 193910
0.453786 1.58825 191470 191470
0.458149 1.58825 189380 189380
0.462512 1.58825 186980 186980
0.466876 1.58825 179510 179510
0.471239 1.58825 159750 159750
0.475602 1.58825 130450 130450
0.479966 1.58825 110320 110320
0.484329 1.58825 113890 113890
0.488692 1.58825 132540 132540
0.493056 1.58825 148460 148460
0.497419 1.58825 154220 154220
0.501782 1.58825 151370 151370
0.506145 1.58825 143120 143120
0.510509 1.58825 132710 132710
0.514872 1.58825 123280 123280
0.519235 1.58825 116990 116990
0.523599 1.58825 114160 114160
0.527962 1.58825 113910 113910
0.532325 1.58825 115330 115330
0.536689 1.58825 117750 117750
0.541052 1.58825 120740 120740
0.545415 1.58825 123950 123950
0.549779 1.58825 127070 127070
0.554142 1.58825 129810 129810
0.558505 1.58825 132060 132060
0.562869 1.58825 133790 133790
0.567232 1.58825 135080 135080
0.571595 1.58825 135990 135990
0.575959 1.58825 136540 136540
0.580322 1.58825 136750 136750
0.584685 1.58825 136580 136580
0.589049 1.58825 136000 136000
0.593412 1.58825 134970 134970
0.597775 1.58825 133410 133410
0.602139 1.58825 131120 131120
0.606502 1.58825 127460 127460
0.610865 1.58825 121230 121230
0.615229 1.58825 111310 111310
0.619592 1.58825 97680  97680
0.623955 1.58825 82170  82170
0.628319 1.58825 68160  68160
0.632682 1.58825 58300  58300
0.637045 1.58825 52660  52660
0.641409 1.58825 49800  49800
0.645772 1.58825 48460  48460
0.650135 1.58825 47970  47970
0.654498 1.58825 47900  47900
0.658862 1.58825 47950  47950
0.663225 1.58825 47990  47990
0.667588 1.58825 48000  48000
0.671952 1.58825 48000  48000
0.676315 1.58825 48000  48000
0.680678 1.58825 47990  47990
0.685042 1.58825 47930  47930
0.689405 1.58825 47890  47890
0.693768 1.58825 48370  48370
0.698132 1.58825 50300  50300
0.702495 1.58825 54100  54100
0.706858 1.58825 59050  59050
0.711222 1.58825 64000  64000
0.715585 1.58825 68410  68410
0.719948 1.58825 72110  72110
0.724312 1.58825 74920  74920
0.728675 1.58825 76970  76970
0.733038 1.58825 78990  78990
0.436332 1.59261 201500 201500
0.440696 1.59261 199360 199360
0.445059 1.59261 197080 197080
0.449422 1.59261 194680 194680
0.453786 1.59261 192270 192270
0.458149 1.59261 190210 190210
0.462512 1.59261 187670 187670
0.466876 1.59261 179270 179270
0.471239 1.59261 156700 156700
0.475602 1.59261 122200 122200
0.479966 1.59261 95800  95800
0.484329 1.59261 94790  94790
0.488692 1.59261 113730 113730
0.493056 1.59261 135560 135560
0.497419 1.59261 148680 148680
0.501782 1.59261 150320 150320
0.506145 1.59261 143440 143440
0.510509 1.59261 133000 133000
0.514872 1.59261 123490 123490
0.519235 1.59261 117490 117490
0.523599 1.59261 115130 115130
0.527962 1.59261 115290 115290
0.532325 1.59261 116950 116950
0.536689 1.59261 119490 119490
0.541052 1.59261 122540 122540
0.545415 1.59261 125760 125760
0.549779 1.59261 128820 128820
0.554142 1.59261 131470 131470
0.558505 1.59261 133630 133630
0.562869 1.59261 135340 135340
0.567232 1.59261 136660 136660
0.571595 1.59261 137650 137650
0.575959 1.59261 138350 138350
0.580322 1.59261 138750 138750
0.584685 1.59261 138850 138850
0.589049 1.59261 138630 138630
0.593412 1.59261 138040 138040
0.597775 1.59261 137080 137080
0.602139 1.59261 135640 135640
0.606502 1.59261 133310 133310
0.610865 1.59261 129100 129100
0.615229 1.59261 121460 121460
0.619592 1.59261 109150 109150
0.623955 1.59261 93070  93070
0.628319 1.59261 77170  77170
0.632682 1.59261 65180  65180
0.637045 1.59261 57500  57500
0.641409 1.59261 52710  52710
0.645772 1.59261 49830  49830
0.650135 1.59261 48430  48430
0.654498 1.59261 47980  47980
0.658862 1.59261 47930  47930
0.663225 1.59261 47970  47970
0.667588 1.59261 48000  48000
0.671952 1.59261 48000  48000
0.676315 1.59261 48000  48000
0.680678 1.59261 47970  47970
0.685042 1.59261 47910  47910
0.689405 1.59261 47980  47980
0.693768 1.59261 48790  48790
0.698132 1.59261 51370  51370
0.702495 1.59261 56030  56030
0.706858 1.59261 61570  61570
0.711222 1.59261 66600  66600
0.715585 1.59261 70830  70830
0.719948 1.59261 74440  74440
0.724312 1.59261 77370  77370
0.728675 1.59261 79680  79680
0.733038 1.59261 82010  82010
0.436332 1.59698 201750 201750
0.440696 1.59698 199710 199710
0.445059 1.59698 197510 197510
0.449422 1.59698 195190 195190
0.453786 1.59698 192820 192820
0.458149 1.59698 190730 190730
0.462512 1.59698 188260 188260
0.466876 1.59698 180680 180680
0.471239 1.59698 160430 160430
0.475602 1.59698 128670 128670
0.479966 1.59698 101840 101840
0.484329 1.59698 95640  95640
0.488692 1.59698 109280 109280
0.493056 1.59698 130470 130470
0.497419 1.59698 146290 146290
0.501782 1.59698 150330 150330
0.506145 1.59698 144460 144460
0.510509 1.59698 134210 134210
0.514872 1.59698 124730 124730
0.519235 1.59698 118910 118910
0.523599 1.59698 116820 116820
0.527962 1.59698 117220 117220
0.532325 1.59698 119050 119050
0.536689 1.59698 121700 121700
0.541052 1.59698 124780 124780
0.545415 1.59698 127960 127960
0.549779 1.59698 130920 130920
0.554142 1.59698 133450 133450
0.558505 1.59698 135510 135510
0.562869 1.59698 137180 137180
0.567232 1.59698 138510 138510
0.571595 1.59698 139560 139560
0.575959 1.59698 140360 140360
0.580322 1.59698 140900 140900
0.584685 1.59698 141190 141190
0.589049 1.59698 141190 141190
0.593412 1.59698 140880 140880
0.597775 1.59698 140240 140240
0.602139 1.59698 139220 139220
0.606502 1.59698 137630 137630
0.610865 1.59698 134820 134820
0.615229 1.59698 129290 129290
0.619592 1.59698 119050 119050
0.623955 1.59698 104050 104050
0.628319 1.59698 87780  87780
0.632682 1.59698 74180  74180
0.637045 1.59698 64250  64250
0.641409 1.59698 57180  57180
0.645772 1.59698 52430  52430
0.650135 1.59698 49680  49680
0.654498 1.59698 48410  48410
0.658862 1.59698 47980  47980
0.663225 1.59698 47940  47940
0.667588 1.59698 47990  47990
0.671952 1.59698 48010  48010
0.676315 1.59698 47990  47990
0.680678 1.59698 47950  47950
0.685042 1.59698 47980  47980
0.689405 1.59698 48400  48400
0.693768 1.59698 49830  49830
0.698132 1.59698 53050  53050
0.702495 1.59698 58070  58070
0.706858 1.59698 63700  63700
0.711222 1.59698 68690  68690
0.715585 1.59698 72960  72960
0.719948 1.59698 76830  76830
0.724312 1.59698 80220  80220
0.728675 1.59698 83060  83060
0.733038 1.59698 85670  85670
0.436332 1.60134 201650 201650
0.440696 1.60134 199720 199720
0.445059 1.60134 197630 197630
0.449422 1.60134 195390 195390
0.453786 1.60134 193070 193070
0.458149 1.60134 190910 190910
0.462512 1.60134 188540 188540
0.466876 1.60134 182870 182870
0.471239 1.60134 168780 168780
0.475602 1.60134 146620 146620
0.479966 1.60134 126490 126490
0.484329 1.60134 119020 119020
0.488692 1.60134 125530 125530
0.493056 1.60134 139000 139000
0.497419 1.60134 149880 149880
0.501782 1.60134 152200 152200
0.506145 1.60134 146340 146340
0.510509 1.60134 136550 136550
0.514872 1.60134 127410 127410
0.519235 1.60134 121690 121690
0.523599 1.60134 119570 119570
0.527962 1.60134 119930 119930
0.532325 1.60134 121740 121740
0.536689 1.60134 124370 124370
0.541052 1.60134 127370 127370
0.545415 1.60134 130400 130400
0.549779 1.60134 133180 133180
0.554142 1.60134 135550 135550
0.558505 1.60134 137510 137510
0.562869 1.60134 139140 139140
0.567232 1.60134 140480 140480
0.571595 1.60134 141570 141570
0.575959 1.60134 142430 142430
0.580322 1.60134 143050 143050
0.584685 1.60134 143430 143430
0.589049 1.60134 143550 143550
0.593412 1.60134 143370 143370
0.597775 1.60134 142850 142850
0.602139 1.60134 141970 141970
0.606502 1.60134 140660 140660
0.610865 1.60134 138550 138550
0.615229 1.60134 134530 134530
0.619592 1.60134 126740 126740
0.623955 1.60134 114440 114440
0.628319 1.60134 99330  99330
0.632682 1.60134 84370  84370
0.637045 1.60134 71820  71820
0.641409 1.60134 62510  62510
0.645772 1.60134 56070  56070
0.650135 1.60134 51790  51790
0.654498 1.60134 49230  49230
0.658862 1.60134 48120  48120
0.663225 1.60134 47910  47910
0.667588 1.60134 47970  47970
0.671952 1.60134 48000  48000
0.676315 1.60134 47970  47970
0.680678 1.60134 47930  47930
0.685042 1.60134 48140  48140
0.689405 1.60134 49190  49190
0.693768 1.60134 51650  51650
0.698132 1.60134 55640  55640
0.702495 1.60134 60720  60720
0.706858 1.60134 66020  66020
0.711222 1.60134 70890  70890
0.715585 1.60134 75370  75370
0.719948 1.60134 79640  79640
0.724312 1.60134 83510  83510
0.728675 1.60134 86730  86730
0.733038 1.60134 89330  89330
0.436332 1.6057 201210  01210
0.440696 1.6057 199400  99400
0.445059 1.6057 197420  97420
0.449422 1.6057 195270  95270
0.453786 1.6057 192980  92980
0.458149 1.6057 190710  90710
0.462512 1.6057 188410  88410
0.466876 1.6057 184590  84590
0.471239 1.6057 176830  76830
0.475602 1.6057 165340  65340
0.479966 1.6057 154290  54290
0.484329 1.6057 148520  48520
0.488692 1.6057 149250  49250
0.493056 1.6057 153430  53430
0.497419 1.6057 156420  56420
0.501782 1.6057 155050  55050
0.506145 1.6057 148840  48840
0.510509 1.6057 139960  39960
0.514872 1.6057 131590  31590
0.519235 1.6057 126010  26010
0.523599 1.6057 123610  23610
0.527962 1.6057 123580  23580
0.532325 1.6057 125050  25050
0.536689 1.6057 127400  27400
0.541052 1.6057 130120  30120
0.545415 1.6057 132850  32850
0.549779 1.6057 135370  35370
0.554142 1.6057 137570  37570
0.558505 1.6057 139450  39450
0.562869 1.6057 141060  41060
0.567232 1.6057 142420  42420
0.571595 1.6057 143540  43540
0.575959 1.6057 144420  44420
0.580322 1.6057 145070  45070
0.584685 1.6057 145470  45470
0.589049 1.6057 145590  45590
0.593412 1.6057 145420  45420
0.597775 1.6057 144900  44900
0.602139 1.6057 144000  44000
0.606502 1.6057 142670  42670
0.610865 1.6057 140750  40750
0.615229 1.6057 137570  37570
0.619592 1.6057 131870  31870
0.623955 1.6057 122450  22450
0.628319 1.6057 108950  08950
0.632682 1.6057 93020   3020
0.637045 1.6057 78300   8300
0.641409 1.6057 67420   7420
0.645772 1.6057 59910   9910
0.650135 1.6057 54280   4280
0.654498 1.6057 50310   0310
0.658862 1.6057 48340   8340
0.663225 1.6057 47860   7860
0.667588 1.6057 47910   7910
0.671952 1.6057 47970   7970
0.676315 1.6057 47930   7930
0.680678 1.6057 47900   7900
0.685042 1.6057 48340   8340
0.689405 1.6057 50110   0110
0.693768 1.6057 53690   3690
0.698132 1.6057 58500   8500
0.702495 1.6057 63650   3650
0.706858 1.6057 68730   8730
0.711222 1.6057 73750   3750
0.715585 1.6057 78680   8680
0.719948 1.6057 83340   3340
0.724312 1.6057 87350   7350
0.728675 1.6057 90440   0440
0.733038 1.6057 92580   2580
0.436332 1.61007 200490 200490
0.440696 1.61007 198790 198790
0.445059 1.61007 196910 196910
0.449422 1.61007 194840 194840
0.453786 1.61007 192570 192570
0.458149 1.61007 190210 190210
0.462512 1.61007 187810 187810
0.466876 1.61007 184970 184970
0.471239 1.61007 180910 180910
0.475602 1.61007 175690 175690
0.479966 1.61007 170460 170460
0.484329 1.61007 166520 166520
0.488692 1.61007 164350 164350
0.493056 1.61007 162950 162950
0.497419 1.61007 160990 160990
0.501782 1.61007 157340 157340
0.506145 1.61007 151470 151470
0.510509 1.61007 144060 144060
0.514872 1.61007 136890 136890
0.519235 1.61007 131600 131600
0.523599 1.61007 128770 128770
0.527962 1.61007 128050 128050
0.532325 1.61007 128850 128850
0.536689 1.61007 130580 130580
0.541052 1.61007 132770 132770
0.545415 1.61007 135080 135080
0.549779 1.61007 137300 137300
0.554142 1.61007 139350 139350
0.558505 1.61007 141190 141190
0.562869 1.61007 142820 142820
0.567232 1.61007 144210 144210
0.571595 1.61007 145360 145360
0.575959 1.61007 146250 146250
0.580322 1.61007 146880 146880
0.584685 1.61007 147230 147230
0.589049 1.61007 147280 147280
0.593412 1.61007 147020 147020
0.597775 1.61007 146400 146400
0.602139 1.61007 145390 145390
0.606502 1.61007 143920 143920
0.610865 1.61007 141890 141890
0.615229 1.61007 138980 138980
0.619592 1.61007 134410 134410
0.623955 1.61007 126740 126740
0.628319 1.61007 114430 114430
0.632682 1.61007 98360  98360
0.637045 1.61007 82860  82860
0.641409 1.61007 71510  71510
0.645772 1.61007 63580  63580
0.650135 1.61007 56990  56990
0.654498 1.61007 51760  51760
0.658862 1.61007 48850  48850
0.663225 1.61007 47930  47930
0.667588 1.61007 47840  47840
0.671952 1.61007 47880  47880
0.676315 1.61007 47860  47860
0.680678 1.61007 47940  47940
0.685042 1.61007 48720  48720
0.689405 1.61007 51150  51150
0.693768 1.61007 55550  55550
0.698132 1.61007 60970  60970
0.702495 1.61007 66330  66330
0.706858 1.61007 71690  71690
0.711222 1.61007 77380  77380
0.715585 1.61007 83040  83040
0.719948 1.61007 87950  87950
0.724312 1.61007 91610  91610
0.728675 1.61007 93980  93980
0.733038 1.61007 95270  95270
0.436332 1.61443 199550 199550
0.440696 1.61443 197950 197950
0.445059 1.61443 196140 196140
0.449422 1.61443 194120 194120
0.453786 1.61443 191870 191870
0.458149 1.61443 189440 189440
0.462512 1.61443 186890 186890
0.466876 1.61443 184150 184150
0.471239 1.61443 181150 181150
0.475602 1.61443 177900 177900
0.479966 1.61443 174640 174640
0.484329 1.61443 171550 171550
0.488692 1.61443 168670 168670
0.493056 1.61443 165730 165730
0.497419 1.61443 162510 162510
0.501782 1.61443 158690 158690
0.506145 1.61443 153890 153890
0.510509 1.61443 148170 148170
0.514872 1.61443 142380 142380
0.519235 1.61443 137550 137550
0.523599 1.61443 134340 134340
0.527962 1.61443 132850 132850
0.532325 1.61443 132770 132770
0.536689 1.61443 133670 133670
0.541052 1.61443 135160 135160
0.545415 1.61443 136970 136970
0.549779 1.61443 138890 138890
0.554142 1.61443 140800 140800
0.558505 1.61443 142630 142630
0.562869 1.61443 144310 144310
0.567232 1.61443 145770 145770
0.571595 1.61443 146980 146980
0.575959 1.61443 147890 147890
0.580322 1.61443 148480 148480
0.584685 1.61443 148740 148740
0.589049 1.61443 148630 148630
0.593412 1.61443 148190 148190
0.597775 1.61443 147400 147400
0.602139 1.61443 146220 146220
0.606502 1.61443 144550 144550
0.610865 1.61443 142300 142300
0.615229 1.61443 139270 139270
0.619592 1.61443 134940 134940
0.623955 1.61443 127970 127970
0.628319 1.61443 116700 116700
0.632682 1.61443 101680 101680
0.637045 1.61443 86920  86920
0.641409 1.61443 75840  75840
0.645772 1.61443 67700  67700
0.650135 1.61443 60430  60430
0.654498 1.61443 54210  54210
0.658862 1.61443 50230  50230
0.663225 1.61443 48440  48440
0.667588 1.61443 47890  47890
0.671952 1.61443 47800  47800
0.676315 1.61443 47890  47890
0.680678 1.61443 48350  48350
0.685042 1.61443 49750  49750
0.689405 1.61443 52830  52830
0.693768 1.61443 57670  57670
0.698132 1.61443 63270  63270
0.702495 1.61443 68850  68850
0.706858 1.61443 74810  74810
0.711222 1.61443 81460  81460
0.715585 1.61443 87850  87850
0.719948 1.61443 92720  92720
0.724312 1.61443 95640  95640
0.728675 1.61443 96980  96980
0.733038 1.61443 97340  97340
0.436332 1.61879 198450 198450
0.440696 1.61879 196920 196920
0.445059 1.61879 195170 195170
0.449422 1.61879 193180 193180
0.453786 1.61879 190940 190940
0.458149 1.61879 188490 188490
0.462512 1.61879 185840 185840
0.466876 1.61879 183020 183020
0.471239 1.61879 180060 180060
0.475602 1.61879 177070 177070
0.479966 1.61879 174150 174150
0.484329 1.61879 171380 171380
0.488692 1.61879 168640 168640
0.493056 1.61879 165860 165860
0.497419 1.61879 162920 162920
0.501782 1.61879 159720 159720
0.506145 1.61879 156020 156020
0.510509 1.61879 151730 151730
0.514872 1.61879 147160 147160
0.519235 1.61879 142900 142900
0.523599 1.61879 139530 139530
0.527962 1.61879 137390 137390
0.532325 1.61879 136440 136440
0.536689 1.61879 136450 136450
0.541052 1.61879 137200 137200
0.545415 1.61879 138470 138470
0.549779 1.61879 140090 140090
0.554142 1.61879 141900 141900
0.558505 1.61879 143750 143750
0.562869 1.61879 145520 145520
0.567232 1.61879 147090 147090
0.571595 1.61879 148390 148390
0.575959 1.61879 149350 149350
0.580322 1.61879 149900 149900
0.584685 1.61879 150010 150010
0.589049 1.61879 149690 149690
0.593412 1.61879 149000 149000
0.597775 1.61879 147970 147970
0.602139 1.61879 146570 146570
0.606502 1.61879 144680 144680
0.610865 1.61879 142170 142170
0.615229 1.61879 138850 138850
0.619592 1.61879 134320 134320
0.623955 1.61879 127640 127640
0.628319 1.61879 117670 117670
0.632682 1.61879 104840 104840
0.637045 1.61879 91870  91870
0.641409 1.61879 81220  81220
0.645772 1.61879 72640  72640
0.650135 1.61879 64910  64910
0.654498 1.61879 58080  58080
0.658862 1.61879 52990  52990
0.663225 1.61879 49970  49970
0.667588 1.61879 48640  48640
0.671952 1.61879 48310  48310
0.676315 1.61879 48550  48550
0.680678 1.61879 49580  49580
0.685042 1.61879 51880  51880
0.689405 1.61879 55650  55650
0.693768 1.61879 60570  60570
0.698132 1.61879 66000  66000
0.702495 1.61879 71730  71730
0.706858 1.61879 78280  78280
0.711222 1.61879 85650  85650
0.715585 1.61879 92330  92330
0.719948 1.61879 96730  96730
0.724312 1.61879 98740  98740
0.728675 1.61879 99160  99160
0.733038 1.61879 98850  98850
0.436332 1.62316 197250 197250
0.440696 1.62316 195760 195760
0.445059 1.62316 194040 194040
0.449422 1.62316 192090 192090
0.453786 1.62316 189910 189910
0.458149 1.62316 187500 187500
0.462512 1.62316 184890 184890
0.466876 1.62316 182100 182100
0.471239 1.62316 179200 179200
0.475602 1.62316 176320 176320
0.479966 1.62316 173560 173560
0.484329 1.62316 170990 170990
0.488692 1.62316 168540 168540
0.493056 1.62316 166090 166090
0.497419 1.62316 163560 163560
0.501782 1.62316 160870 160870
0.506145 1.62316 157900 157900
0.510509 1.62316 154560 154560
0.514872 1.62316 150920 150920
0.519235 1.62316 147230 147230
0.523599 1.62316 143910 143910
0.527962 1.62316 141330 141330
0.532325 1.62316 139640 139640
0.536689 1.62316 138850 138850
0.541052 1.62316 138880 138880
0.545415 1.62316 139630 139630
0.549779 1.62316 140950 140950
0.554142 1.62316 142670 142670
0.558505 1.62316 144570 144570
0.562869 1.62316 146460 146460
0.567232 1.62316 148190 148190
0.571595 1.62316 149630 149630
0.575959 1.62316 150650 150650
0.580322 1.62316 151150 151150
0.584685 1.62316 151080 151080
0.589049 1.62316 150480 150480
0.593412 1.62316 149500 149500
0.597775 1.62316 148210 148210
0.602139 1.62316 146560 146560
0.606502 1.62316 144420 144420
0.610865 1.62316 141610 141610
0.615229 1.62316 137960 137960
0.619592 1.62316 133130 133130
0.623955 1.62316 126630 126630
0.628319 1.62316 118000 118000
0.632682 1.62316 107570 107570
0.637045 1.62316 96620  96620
0.641409 1.62316 86430  86430
0.645772 1.62316 77500  77500
0.650135 1.62316 69660  69660
0.654498 1.62316 62740  62740
0.658862 1.62316 57020  57020
0.663225 1.62316 53050  53050
0.667588 1.62316 51000  51000
0.671952 1.62316 50370  50370
0.676315 1.62316 50690  50690
0.680678 1.62316 52170  52170
0.685042 1.62316 55110  55110
0.689405 1.62316 59250  59250
0.693768 1.62316 64050  64050
0.698132 1.62316 69360  69360
0.702495 1.62316 75390  75390
0.706858 1.62316 82400  82400
0.711222 1.62316 89860  89860
0.715585 1.62316 96070  96070
0.719948 1.62316 99630  99630
0.724312 1.62316 100760 100760
0.728675 1.62316 100570 100570
0.733038 1.62316 99940  99940
0.436332 1.62752 195970 195970
0.440696 1.62752 194520 194520
0.445059 1.62752 192850 192850
0.449422 1.62752 190980 190980
0.453786 1.62752 188900 188900
0.458149 1.62752 186620 186620
0.462512 1.62752 184150 184150
0.466876 1.62752 181530 181530
0.471239 1.62752 178820 178820
0.475602 1.62752 176130 176130
0.479966 1.62752 173590 173590
0.484329 1.62752 171240 171240
0.488692 1.62752 169020 169020
0.493056 1.62752 166800 166800
0.497419 1.62752 164530 164530
0.501782 1.62752 162140 162140
0.506145 1.62752 159590 159590
0.510509 1.62752 156820 156820
0.514872 1.62752 153780 153780
0.519235 1.62752 150560 150560
0.523599 1.62752 147400 147400
0.527962 1.62752 144580 144580
0.532325 1.62752 142350 142350
0.536689 1.62752 140870 140870
0.541052 1.62752 140250 140250
0.545415 1.62752 140490 140490
0.549779 1.62752 141530 141530
0.554142 1.62752 143170 143170
0.558505 1.62752 145150 145150
0.562869 1.62752 147200 147200
0.567232 1.62752 149120 149120
0.571595 1.62752 150730 150730
0.575959 1.62752 151830 151830
0.580322 1.62752 152250 152250
0.584685 1.62752 151950 151950
0.589049 1.62752 151050 151050
0.593412 1.62752 149750 149750
0.597775 1.62752 148180 148180
0.602139 1.62752 146270 146270
0.606502 1.62752 143870 143870
0.610865 1.62752 140770 140770
0.615229 1.62752 136770 136770
0.619592 1.62752 131630 131630
0.623955 1.62752 125200 125200
0.628319 1.62752 117500 117500
0.632682 1.62752 108780 108780
0.637045 1.62752 99320  99320
0.641409 1.62752 89720  89720
0.645772 1.62752 80890  80890
0.650135 1.62752 73400  73400
0.654498 1.62752 67050  67050
0.658862 1.62752 61630  61630
0.663225 1.62752 57540  57540
0.667588 1.62752 55160  55160
0.671952 1.62752 54260  54260
0.676315 1.62752 54520  54520
0.680678 1.62752 56040  56040
0.685042 1.62752 58960  58960
0.689405 1.62752 62900  62900
0.693768 1.62752 67520  67520
0.698132 1.62752 73040  73040
0.702495 1.62752 79690  79690
0.706858 1.62752 87020  87020
0.711222 1.62752 93910  93910
0.715585 1.62752 98970  98970
0.719948 1.62752 101480 101480
0.724312 1.62752 101960 101960
0.728675 1.62752 101490 101490
0.733038 1.62752 100800 100800
0.436332 1.63188 194670 194670
0.440696 1.63188 193290 193290
0.445059 1.63188 191720 191720
0.449422 1.63188 189990 189990
0.453786 1.63188 188080 188080
0.458149 1.63188 186000 186000
0.462512 1.63188 183760 183760
0.466876 1.63188 181380 181380
0.471239 1.63188 178900 178900
0.475602 1.63188 176440 176440
0.479966 1.63188 174100 174100
0.484329 1.63188 171930 171930
0.488692 1.63188 169870 169870
0.493056 1.63188 167820 167820
0.497419 1.63188 165730 165730
0.501782 1.63188 163550 163550
0.506145 1.63188 161240 161240
0.510509 1.63188 158770 158770
0.514872 1.63188 156080 156080
0.519235 1.63188 153190 153190
0.523599 1.63188 150190 150190
0.527962 1.63188 147240 147240
0.532325 1.63188 144610 144610
0.536689 1.63188 142580 142580
0.541052 1.63188 141370 141370
0.545415 1.63188 141130 141130
0.549779 1.63188 141890 141890
0.554142 1.63188 143470 143470
0.558505 1.63188 145570 145570
0.562869 1.63188 147840 147840
0.567232 1.63188 149990 149990
0.571595 1.63188 151770 151770
0.575959 1.63188 152910 152910
0.580322 1.63188 153210 153210
0.584685 1.63188 152660 152660
0.589049 1.63188 151440 151440
0.593412 1.63188 149820 149820
0.597775 1.63188 147970 147970
0.602139 1.63188 145810 145810
0.606502 1.63188 143140 143140
0.610865 1.63188 139750 139750
0.615229 1.63188 135440 135440
0.619592 1.63188 130020 130020
0.623955 1.63188 123550 123550
0.628319 1.63188 116340 116340
0.632682 1.63188 108530 108530
0.637045 1.63188 99890  99890
0.641409 1.63188 90700  90700
0.645772 1.63188 82240  82240
0.650135 1.63188 75520  75520
0.654498 1.63188 70270  70270
0.658862 1.63188 65830  65830
0.663225 1.63188 62250  62250
0.667588 1.63188 59910  59910
0.671952 1.63188 58860  58860
0.676315 1.63188 58980  58980
0.680678 1.63188 60290  60290
0.685042 1.63188 62790  62790
0.689405 1.63188 66290  66290
0.693768 1.63188 70760  70760
0.698132 1.63188 76610  76610
0.702495 1.63188 83830  83830
0.706858 1.63188 91240  91240
0.711222 1.63188 97230  97230
0.715585 1.63188 100980 100980
0.719948 1.63188 102560 102560
0.724312 1.63188 102690 102690
0.728675 1.63188 102180 102180
0.733038 1.63188 101570 101570
0.436332 1.63625 193410 193410
0.440696 1.63625 192160 192160
0.445059 1.63625 190780 190780
0.449422 1.63625 189270 189270
0.453786 1.63625 187610 187610
0.458149 1.63625 185810 185810
0.462512 1.63625 183860 183860
0.466876 1.63625 181760 181760
0.471239 1.63625 179540 179540
0.475602 1.63625 177300 177300
0.479966 1.63625 175120 175120
0.484329 1.63625 173070 173070
0.488692 1.63625 171120 171120
0.493056 1.63625 169200 169200
0.497419 1.63625 167230 167230
0.501782 1.63625 165180 165180
0.506145 1.63625 163020 163020
0.510509 1.63625 160700 160700
0.514872 1.63625 158190 158190
0.519235 1.63625 155460 155460
0.523599 1.63625 152520 152520
0.527962 1.63625 149470 149470
0.532325 1.63625 146530 146530
0.536689 1.63625 144030 144030
0.541052 1.63625 142300 142300
0.545415 1.63625 141620 141620
0.549779 1.63625 142110 142110
0.554142 1.63625 143650 143650
0.558505 1.63625 145910 145910
0.562869 1.63625 148420 148420
0.567232 1.63625 150830 150830
0.571595 1.63625 152770 152770
0.575959 1.63625 153920 153920
0.580322 1.63625 154070 154070
0.584685 1.63625 153260 153260
0.589049 1.63625 151720 151720
0.593412 1.63625 149780 149780
0.597775 1.63625 147650 147650
0.602139 1.63625 145240 145240
0.606502 1.63625 142330 142330
0.610865 1.63625 138690 138690
0.615229 1.63625 134110 134110
0.619592 1.63625 128490 128490
0.623955 1.63625 122000 122000
0.628319 1.63625 115090 115090
0.632682 1.63625 107760 107760
0.637045 1.63625 99460  99460
0.641409 1.63625 90380  90380
0.645772 1.63625 82200  82200
0.650135 1.63625 76350  76350
0.654498 1.63625 72340  72340
0.658862 1.63625 68980  68980
0.663225 1.63625 66020  66020
0.667588 1.63625 63880  63880
0.671952 1.63625 62810  62810
0.676315 1.63625 62840  62840
0.680678 1.63625 63970  63970
0.685042 1.63625 66180  66180
0.689405 1.63625 69380  69380
0.693768 1.63625 73750  73750
0.698132 1.63625 79730  79730
0.702495 1.63625 87060  87060
0.706858 1.63625 94160  94160
0.711222 1.63625 99330  99330
0.715585 1.63625 102140 102140
0.719948 1.63625 103170 103170
0.724312 1.63625 103190 103190
0.728675 1.63625 102800 102800
0.733038 1.63625 102340 102340
0.436332 1.64061 192260 192260
0.440696 1.64061 191240 191240
0.445059 1.64061 190130 190130
0.449422 1.64061 188920 188920
0.453786 1.64061 187590 187590
0.458149 1.64061 186120 186120
0.462512 1.64061 184490 184490
0.466876 1.64061 182710 182710
0.471239 1.64061 180780 180780
0.475602 1.64061 178760 178760
0.479966 1.64061 176740 176740
0.484329 1.64061 174790 174790
0.488692 1.64061 172900 172900
0.493056 1.64061 171040 171040
0.497419 1.64061 169140 169140
0.501782 1.64061 167170 167170
0.506145 1.64061 165090 165090
0.510509 1.64061 162840 162840
0.514872 1.64061 160370 160370
0.519235 1.64061 157660 157660
0.523599 1.64061 154670 154670
0.527962 1.64061 151460 151460
0.532325 1.64061 148220 148220
0.536689 1.64061 145300 145300
0.541052 1.64061 143100 143100
0.545415 1.64061 142020 142020
0.549779 1.64061 142270 142270
0.554142 1.64061 143800 143800
0.558505 1.64061 146210 146210
0.562869 1.64061 148990 148990
0.567232 1.64061 151640 151640
0.571595 1.64061 153730 153730
0.575959 1.64061 154860 154860
0.580322 1.64061 154850 154850
0.584685 1.64061 153770 153770
0.589049 1.64061 151910 151910
0.593412 1.64061 149670 149670
0.597775 1.64061 147270 147270
0.602139 1.64061 144640 144640
0.606502 1.64061 141530 141530
0.610865 1.64061 137690 137690
0.615229 1.64061 132920 132920
0.619592 1.64061 127180 127180
0.623955 1.64061 120750 120750
0.628319 1.64061 114110 114110
0.632682 1.64061 107150 107150
0.637045 1.64061 99130  99130
0.641409 1.64061 90140  90140
0.645772 1.64061 82170  82170
0.650135 1.64061 76920  76920
0.654498 1.64061 73740  73740
0.658862 1.64061 71100  71100
0.663225 1.64061 68620  68620
0.667588 1.64061 66710  66710
0.671952 1.64061 65740  65740
0.676315 1.64061 65810  65810
0.680678 1.64061 66950  66950
0.685042 1.64061 69110  69110
0.689405 1.64061 72210  72210
0.693768 1.64061 76460  76460
0.698132 1.64061 82240  82240
0.702495 1.64061 89230  89230
0.706858 1.64061 95790  95790
0.711222 1.64061 100330 100330
0.715585 1.64061 102650 102650
0.719948 1.64061 103510 103510
0.724312 1.64061 103620 103620
0.728675 1.64061 103420 103420
0.733038 1.64061 103150 103150
0.436332 1.64497 191290 191290
0.440696 1.64497 190590 190590
0.445059 1.64497 189830 189830
0.449422 1.64497 188990 188990
0.453786 1.64497 188020 188020
0.458149 1.64497 186900 186900
0.462512 1.64497 185610 185610
0.466876 1.64497 184160 184160
0.471239 1.64497 182530 182530
0.475602 1.64497 180760 180760
0.479966 1.64497 178930 178930
0.484329 1.64497 177090 177090
0.488692 1.64497 175260 175260
0.493056 1.64497 173430 173430
0.497419 1.64497 171560 171560
0.501782 1.64497 169630 169630
0.506145 1.64497 167580 167580
0.510509 1.64497 165340 165340
0.514872 1.64497 162840 162840
0.519235 1.64497 160030 160030
0.523599 1.64497 156870 156870
0.527962 1.64497 153400 153400
0.532325 1.64497 149810 149810
0.536689 1.64497 146460 146460
0.541052 1.64497 143830 143830
0.545415 1.64497 142400 142400
0.549779 1.64497 142450 142450
0.554142 1.64497 143950 143950
0.558505 1.64497 146510 146510
0.562869 1.64497 149520 149520
0.567232 1.64497 152390 152390
0.571595 1.64497 154590 154590
0.575959 1.64497 155700 155700
0.580322 1.64497 155530 155530
0.584685 1.64497 154190 154190
0.589049 1.64497 152040 152040
0.593412 1.64497 149520 149520
0.597775 1.64497 146880 146880
0.602139 1.64497 144060 144060
0.606502 1.64497 140790 140790
0.610865 1.64497 136810 136810
0.615229 1.64497 131930 131930
0.619592 1.64497 126180 126180
0.623955 1.64497 119880 119880
0.628319 1.64497 113510 113510
0.632682 1.64497 106930 106930
0.637045 1.64497 99300  99300
0.641409 1.64497 90660  90660
0.645772 1.64497 82920  82920
0.650135 1.64497 77820  77820
0.654498 1.64497 74840  74840
0.658862 1.64497 72510  72510
0.663225 1.64497 70360  70360
0.667588 1.64497 68740  68740
0.671952 1.64497 67980  67980
0.676315 1.64497 68220  68220
0.680678 1.64497 69510  69510
0.685042 1.64497 71770  71770
0.689405 1.64497 74870  74870
0.693768 1.64497 78920  78920
0.698132 1.64497 84280  84280
0.702495 1.64497 90650  90650
0.706858 1.64497 96590  96590
0.711222 1.64497 100670 100670
0.715585 1.64497 102800 102800
0.719948 1.64497 103710 103710
0.724312 1.64497 104030 104030
0.728675 1.64497 104060 104060
0.733038 1.64497 103990 103990
0.436332 1.64934 190540 190540
0.440696 1.64934 190210 190210
0.445059 1.64934 189850 189850
0.449422 1.64934 189410 189410
0.453786 1.64934 188810 188810
0.458149 1.64934 188040 188040
0.462512 1.64934 187090 187090
0.466876 1.64934 185940 185940
0.471239 1.64934 184610 184610
0.475602 1.64934 183120 183120
0.479966 1.64934 181510 181510
0.484329 1.64934 179830 179830
0.488692 1.64934 178090 178090
0.493056 1.64934 176310 176310
0.497419 1.64934 174470 174470
0.501782 1.64934 172570 172570
0.506145 1.64934 170530 170530
0.510509 1.64934 168260 168260
0.514872 1.64934 165680 165680
0.519235 1.64934 162690 162690
0.523599 1.64934 159250 159250
0.527962 1.64934 155410 155410
0.532325 1.64934 151390 151390
0.536689 1.64934 147600 147600
0.541052 1.64934 144570 144570
0.545415 1.64934 142830 142830
0.549779 1.64934 142710 142710
0.554142 1.64934 144170 144170
0.558505 1.64934 146800 146800
0.562869 1.64934 149960 149960
0.567232 1.64934 152970 152970
0.571595 1.64934 155250 155250
0.575959 1.64934 156330 156330
0.580322 1.64934 156010 156010
0.584685 1.64934 154460 154460
0.589049 1.64934 152070 152070
0.593412 1.64934 149310 149310
0.597775 1.64934 146480 146480
0.602139 1.64934 143500 143500
0.606502 1.64934 140130 140130
0.610865 1.64934 136090 136090
0.615229 1.64934 131220 131220
0.619592 1.64934 125560 125560
0.623955 1.64934 119460 119460
0.628319 1.64934 113360 113360
0.632682 1.64934 107120 107120
0.637045 1.64934 99860  99860
0.641409 1.64934 91570  91570
0.645772 1.64934 83970  83970
0.650135 1.64934 78710  78710
0.654498 1.64934 75550  75550
0.658862 1.64934 73320  73320
0.663225 1.64934 71490  71490
0.667588 1.64934 70230  70230
0.671952 1.64934 69770  69770
0.676315 1.64934 70260  70260
0.680678 1.64934 71770  71770
0.685042 1.64934 74200  74200
0.689405 1.64934 77350  77350
0.693768 1.64934 81210  81210
0.698132 1.64934 86080  86080
0.702495 1.64934 91750  91750
0.706858 1.64934 97010  97010
0.711222 1.64934 100700 100700
0.715585 1.64934 102770 102770
0.719948 1.64934 103840 103840
0.724312 1.64934 104400 104400
0.728675 1.64934 104700 104700
0.733038 1.64934 104850 104850
0.436332 1.6537 190020  90020
0.440696 1.6537 190090  90090
0.445059 1.6537 190150  90150
0.449422 1.6537 190080  90080
0.453786 1.6537 189850  89850
0.458149 1.6537 189400  89400
0.462512 1.6537 188750  88750
0.466876 1.6537 187890  87890
0.471239 1.6537 186850  86850
0.475602 1.6537 185630  85630
0.479966 1.6537 184270  84270
0.484329 1.6537 182790  82790
0.488692 1.6537 181210  81210
0.493056 1.6537 179530  79530
0.497419 1.6537 177770  77770
0.501782 1.6537 175910  75910
0.506145 1.6537 173880  73880
0.510509 1.6537 171590  71590
0.514872 1.6537 168890  68890
0.519235 1.6537 165680  65680
0.523599 1.6537 161880  61880
0.527962 1.6537 157580  57580
0.532325 1.6537 153060  53060
0.536689 1.6537 148780  48780
0.541052 1.6537 145350  45350
0.545415 1.6537 143330  43330
0.549779 1.6537 143040  43040
0.554142 1.6537 144430  44430
0.558505 1.6537 147060  47060
0.562869 1.6537 150260  50260
0.567232 1.6537 153330  53330
0.571595 1.6537 155620  55620
0.575959 1.6537 156650  56650
0.580322 1.6537 156230  56230
0.584685 1.6537 154510  54510
0.589049 1.6537 151950  51950
0.593412 1.6537 149030  49030
0.597775 1.6537 146050  46050
0.602139 1.6537 142980  42980
0.606502 1.6537 139570  39570
0.610865 1.6537 135570  35570
0.615229 1.6537 130840  30840
0.619592 1.6537 125410  25410
0.623955 1.6537 119600  19600
0.628319 1.6537 113800  13800
0.632682 1.6537 107840  07840
0.637045 1.6537 100880  00880
0.641409 1.6537 92750   2750
0.645772 1.6537 85020   5020
0.650135 1.6537 79350   9350
0.654498 1.6537 75820   5820
0.658862 1.6537 73580   3580
0.663225 1.6537 72080   2080
0.667588 1.6537 71220   1220
0.671952 1.6537 71120   1120
0.676315 1.6537 71900   1900
0.680678 1.6537 73600   3600
0.685042 1.6537 76140   6140
0.689405 1.6537 79340   9340
0.693768 1.6537 83140   3140
0.698132 1.6537 87680   7680
0.702495 1.6537 92710   2710
0.706858 1.6537 97300   7300
0.711222 1.6537 100620  00620
0.715585 1.6537 102670  02670
0.719948 1.6537 103920  03920
0.724312 1.6537 104750  04750
0.728675 1.6537 105320  05320
0.733038 1.6537 105690  05690
0.436332 1.65806 189710 189710
0.440696 1.65806 190180 190180
0.445059 1.65806 190610 190610
0.449422 1.65806 190890 190890
0.453786 1.65806 190980 190980
0.458149 1.65806 190830 190830
0.462512 1.65806 190450 190450
0.466876 1.65806 189860 189860
0.471239 1.65806 189070 189070
0.475602 1.65806 188110 188110
0.479966 1.65806 186990 186990
0.484329 1.65806 185730 185730
0.488692 1.65806 184330 184330
0.493056 1.65806 182810 182810
0.497419 1.65806 181170 181170
0.501782 1.65806 179380 179380
0.506145 1.65806 177390 177390
0.510509 1.65806 175080 175080
0.514872 1.65806 172280 172280
0.519235 1.65806 168850 168850
0.523599 1.65806 164690 164690
0.527962 1.65806 159900 159900
0.532325 1.65806 154840 154840
0.536689 1.65806 150070 150070
0.541052 1.65806 146250 146250
0.545415 1.65806 143960 143960
0.549779 1.65806 143470 143470
0.554142 1.65806 144720 144720
0.558505 1.65806 147230 147230
0.562869 1.65806 150340 150340
0.567232 1.65806 153340 153340
0.571595 1.65806 155580 155580
0.575959 1.65806 156550 156550
0.580322 1.65806 156050 156050
0.584685 1.65806 154250 154250
0.589049 1.65806 151620 151620
0.593412 1.65806 148630 148630
0.597775 1.65806 145600 145600
0.602139 1.65806 142500 142500
0.606502 1.65806 139120 139120
0.610865 1.65806 135270 135270
0.615229 1.65806 130810 130810
0.619592 1.65806 125770 125770
0.623955 1.65806 120400 120400
0.628319 1.65806 115010 115010
0.632682 1.65806 109460 109460
0.637045 1.65806 102970 102970
0.641409 1.65806 95240  95240
0.645772 1.65806 87370  87370
0.650135 1.65806 80890  80890
0.654498 1.65806 76380  76380
0.658862 1.65806 73650  73650
0.663225 1.65806 72230  72230
0.667588 1.65806 71710  71710
0.671952 1.65806 71980  71980
0.676315 1.65806 73010  73010
0.680678 1.65806 74730  74730
0.685042 1.65806 77150  77150
0.689405 1.65806 80310  80310
0.693768 1.65806 84230  84230
0.698132 1.65806 88760  88760
0.702495 1.65806 93400  93400
0.706858 1.65806 97450  97450
0.711222 1.65806 100460 100460
0.715585 1.65806 102510 102510
0.719948 1.65806 103960 103960
0.724312 1.65806 105050 105050
0.728675 1.65806 105880 105880
0.733038 1.65806 106460 106460
0.436332 1.66243 189580 189580
0.440696 1.66243 190390 190390
0.445059 1.66243 191140 191140
0.449422 1.66243 191720 191720
0.453786 1.66243 192070 192070
0.458149 1.66243 192170 192170
0.462512 1.66243 192030 192030
0.466876 1.66243 191670 191670
0.471239 1.66243 191100 191100
0.475602 1.66243 190360 190360
0.479966 1.66243 189460 189460
0.484329 1.66243 188400 188400
0.488692 1.66243 187190 187190
0.493056 1.66243 185840 185840
0.497419 1.66243 184330 184330
0.501782 1.66243 182640 182640
0.506145 1.66243 180710 180710
0.510509 1.66243 178410 178410
0.514872 1.66243 175570 175570
0.519235 1.66243 171960 171960
0.523599 1.66243 167490 167490
0.527962 1.66243 162240 162240
0.532325 1.66243 156650 156650
0.536689 1.66243 151400 151400
0.541052 1.66243 147200 147200
0.545415 1.66243 144630 144630
0.549779 1.66243 143940 143940
0.554142 1.66243 144970 144970
0.558505 1.66243 147260 147260
0.562869 1.66243 150160 150160
0.567232 1.66243 152990 152990
0.571595 1.66243 155110 155110
0.575959 1.66243 156000 156000
0.580322 1.66243 155460 155460
0.584685 1.66243 153660 153660
0.589049 1.66243 151060 151060
0.593412 1.66243 148120 148120
0.597775 1.66243 145120 145120
0.602139 1.66243 142070 142070
0.606502 1.66243 138810 138810
0.610865 1.66243 135210 135210
0.615229 1.66243 131170 131170
0.619592 1.66243 126690 126690
0.623955 1.66243 121930 121930
0.628319 1.66243 117140 117140
0.632682 1.66243 112280 112280
0.637045 1.66243 106790 106790
0.641409 1.66243 100150 100150
0.645772 1.66243 92560  92560
0.650135 1.66243 84950  84950
0.654498 1.66243 78610  78610
0.658862 1.66243 74450  74450
0.663225 1.66243 72380  72380
0.667588 1.66243 71820  71820
0.671952 1.66243 72340  72340
0.676315 1.66243 73540  73540
0.680678 1.66243 75110  75110
0.685042 1.66243 77090  77090
0.689405 1.66243 80020  80020
0.693768 1.66243 84220  84220
0.698132 1.66243 89100  89100
0.702495 1.66243 93700  93700
0.706858 1.66243 97440  97440
0.711222 1.66243 100250 100250
0.715585 1.66243 102330 102330
0.719948 1.66243 103960 103960
0.724312 1.66243 105290 105290
0.728675 1.66243 106350 106350
0.733038 1.66243 107140 107140
0.436332 1.66679 189570 189570
0.440696 1.66679 190660 190660
0.445059 1.66679 191660 191660
0.449422 1.66679 192460 192460
0.453786 1.66679 193010 193010
0.458149 1.66679 193320 193320
0.462512 1.66679 193380 193380
0.466876 1.66679 193210 193210
0.471239 1.66679 192850 192850
0.475602 1.66679 192290 192290
0.479966 1.66679 191560 191560
0.484329 1.66679 190680 190680
0.488692 1.66679 189640 189640
0.493056 1.66679 188450 188450
0.497419 1.66679 187070 187070
0.501782 1.66679 185490 185490
0.506145 1.66679 183620 183620
0.510509 1.66679 181350 181350
0.514872 1.66679 178490 178490
0.519235 1.66679 174780 174780
0.523599 1.66679 170060 170060
0.527962 1.66679 164430 164430
0.532325 1.66679 158390 158390
0.536689 1.66679 152710 152710
0.541052 1.66679 148180 148180
0.545415 1.66679 145350 145350
0.549779 1.66679 144410 144410
0.554142 1.66679 145160 145160
0.558505 1.66679 147140 147140
0.562869 1.66679 149710 149710
0.567232 1.66679 152270 152270
0.571595 1.66679 154200 154200
0.575959 1.66679 155000 155000
0.580322 1.66679 154450 154450
0.584685 1.66679 152730 152730
0.589049 1.66679 150270 150270
0.593412 1.66679 147480 147480
0.597775 1.66679 144600 144600
0.602139 1.66679 141670 141670
0.606502 1.66679 138610 138610
0.610865 1.66679 135380 135380
0.615229 1.66679 131900 131900
0.619592 1.66679 128160 128160
0.623955 1.66679 124230 124230
0.628319 1.66679 120310 120310
0.632682 1.66679 116440 116440
0.637045 1.66679 112300 112300
0.641409 1.66679 107270 107270
0.645772 1.66679 100650 100650
0.650135 1.66679 92510  92510
0.654498 1.66679 84270  84270
0.658862 1.66679 77670  77670
0.663225 1.66679 73570  73570
0.667588 1.66679 71990  71990
0.671952 1.66679 72320  72320
0.676315 1.66679 73590  73590
0.680678 1.66679 74970  74970
0.685042 1.66679 76480  76480
0.689405 1.66679 79160  79160
0.693768 1.66679 83620  83620
0.698132 1.66679 88930  88930
0.702495 1.66679 93670  93670
0.706858 1.66679 97280  97280
0.711222 1.66679 99980  99980
0.715585 1.66679 102110 102110
0.719948 1.66679 103910 103910
0.724312 1.66679 105450 105450
0.728675 1.66679 106720 106720
0.733038 1.66679 107680 107680
0.436332 1.67115 189650 189650
0.440696 1.67115 190920 190920
0.445059 1.67115 192080 192080
0.449422 1.67115 193030 193030
0.453786 1.67115 193740 193740
0.458149 1.67115 194190 194190
0.462512 1.67115 194410 194410
0.466876 1.67115 194410 194410
0.471239 1.67115 194200 194200
0.475602 1.67115 193800 193800
0.479966 1.67115 193230 193230
0.484329 1.67115 192500 192500
0.488692 1.67115 191620 191620
0.493056 1.67115 190560 190560
0.497419 1.67115 189300 189300
0.501782 1.67115 187800 187800
0.506145 1.67115 185990 185990
0.510509 1.67115 183750 183750
0.514872 1.67115 180870 180870
0.519235 1.67115 177100 177100
0.523599 1.67115 172210 172210
0.527962 1.67115 166290 166290
0.532325 1.67115 159910 159910
0.536689 1.67115 153910 153910
0.541052 1.67115 149120 149120
0.545415 1.67115 146060 146060
0.549779 1.67115 144860 144860
0.554142 1.67115 145300 145300
0.558505 1.67115 146880 146880
0.562869 1.67115 149060 149060
0.567232 1.67115 151270 151270
0.571595 1.67115 152960 152960
0.575959 1.67115 153650 153650
0.580322 1.67115 153110 153110
0.584685 1.67115 151530 151530
0.589049 1.67115 149290 149290
0.593412 1.67115 146730 146730
0.597775 1.67115 144030 144030
0.602139 1.67115 141280 141280
0.606502 1.67115 138510 138510
0.610865 1.67115 135730 135730
0.615229 1.67115 132930 132930
0.619592 1.67115 130070 130070
0.623955 1.67115 127190 127190
0.628319 1.67115 124350 124350
0.632682 1.67115 121620 121620
0.637045 1.67115 118820 118820
0.641409 1.67115 115380 115380
0.645772 1.67115 110330 110330
0.650135 1.67115 103040 103040
0.654498 1.67115 93960  93960
0.658862 1.67115 84660  84660
0.663225 1.67115 77270  77270
0.667588 1.67115 73330  73330
0.671952 1.67115 72530  72530
0.676315 1.67115 73430  73430
0.680678 1.67115 74660  74660
0.685042 1.67115 75950  75950
0.689405 1.67115 78510  78510
0.693768 1.67115 83100  83100
0.698132 1.67115 88640  88640
0.702495 1.67115 93460  93460
0.706858 1.67115 97010  97010
0.711222 1.67115 99680  99680
0.715585 1.67115 101870 101870
0.719948 1.67115 103800 103800
0.724312 1.67115 105510 105510
0.728675 1.67115 106960 106960
0.733038 1.67115 108070 108070
0.436332 1.67552 189740 189740
0.440696 1.67552 191110 191110
0.445059 1.67552 192350 192350
0.449422 1.67552 193390 193390
0.453786 1.67552 194180 194180
0.458149 1.67552 194740 194740
0.462512 1.67552 195080 195080
0.466876 1.67552 195200 195200
0.471239 1.67552 195130 195130
0.475602 1.67552 194860 194860
0.479966 1.67552 194430 194430
0.484329 1.67552 193830 193830
0.488692 1.67552 193070 193070
0.493056 1.67552 192130 192130
0.497419 1.67552 190970 190970
0.501782 1.67552 189540 189540
0.506145 1.67552 187780 187780
0.510509 1.67552 185550 185550
0.514872 1.67552 182660 182660
0.519235 1.67552 178830 178830
0.523599 1.67552 173830 173830
0.527962 1.67552 167720 167720
0.532325 1.67552 161130 161130
0.536689 1.67552 154940 154940
0.541052 1.67552 149970 149970
0.545415 1.67552 146720 146720
0.549779 1.67552 145260 145260
0.554142 1.67552 145350 145350
0.558505 1.67552 146530 146530
0.562869 1.67552 148290 148290
0.567232 1.67552 150120 150120
0.571595 1.67552 151530 151530
0.575959 1.67552 152100 152100
0.580322 1.67552 151610 151610
0.584685 1.67552 150210 150210
0.589049 1.67552 148210 148210
0.593412 1.67552 145880 145880
0.597775 1.67552 143400 143400
0.602139 1.67552 140890 140890
0.606502 1.67552 138480 138480
0.610865 1.67552 136220 136220
0.615229 1.67552 134150 134150
0.619592 1.67552 132240 132240
0.623955 1.67552 130460 130460
0.628319 1.67552 128780 128780
0.632682 1.67552 127160 127160
0.637045 1.67552 125460 125460
0.641409 1.67552 123300 123300
0.645772 1.67552 119930 119930
0.650135 1.67552 114380 114380
0.654498 1.67552 105970 105970
0.658862 1.67552 95300  95300
0.663225 1.67552 84910  84910
0.667588 1.67552 77560  77560
0.671952 1.67552 74090  74090
0.676315 1.67552 73610  73610
0.680678 1.67552 74410  74410
0.685042 1.67552 75650  75650
0.689405 1.67552 78210  78210
0.693768 1.67552 82830  82830
0.698132 1.67552 88390  88390
0.702495 1.67552 93190  93190
0.706858 1.67552 96710  96710
0.711222 1.67552 99370  99370
0.715585 1.67552 101610 101610
0.719948 1.67552 103640 103640
0.724312 1.67552 105470 105470
0.728675 1.67552 107050 107050
0.733038 1.67552 108280 108280
0.436332 1.67988 189800 189800
0.440696 1.67988 191170 191170
0.445059 1.67988 192420 192420
0.449422 1.67988 193480 193480
0.453786 1.67988 194320 194320
0.458149 1.67988 194950 194950
0.462512 1.67988 195360 195360
0.466876 1.67988 195580 195580
0.471239 1.67988 195610 195610
0.475602 1.67988 195450 195450
0.479966 1.67988 195130 195130
0.484329 1.67988 194650 194650
0.488692 1.67988 194000 194000
0.493056 1.67988 193150 193150
0.497419 1.67988 192080 192080
0.501782 1.67988 190720 190720
0.506145 1.67988 189000 189000
0.510509 1.67988 186780 186780
0.514872 1.67988 183870 183870
0.519235 1.67988 180000 180000
0.523599 1.67988 174920 174920
0.527962 1.67988 168720 168720
0.532325 1.67988 162040 162040
0.536689 1.67988 155780 155780
0.541052 1.67988 150720 150720
0.545415 1.67988 147300 147300
0.549779 1.67988 145580 145580
0.554142 1.67988 145320 145320
0.558505 1.67988 146110 146110
0.562869 1.67988 147460 147460
0.567232 1.67988 148920 148920
0.571595 1.67988 150060 150060
0.575959 1.67988 150500 150500
0.580322 1.67988 150070 150070
0.584685 1.67988 148850 148850
0.589049 1.67988 147080 147080
0.593412 1.67988 144970 144970
0.597775 1.67988 142710 142710
0.602139 1.67988 140480 140480
0.606502 1.67988 138460 138460
0.610865 1.67988 136750 136750
0.615229 1.67988 135410 135410
0.619592 1.67988 134410 134410
0.623955 1.67988 133660 133660
0.628319 1.67988 133030 133030
0.632682 1.67988 132370 132370
0.637045 1.67988 131510 131510
0.641409 1.67988 130220 130220
0.645772 1.67988 128040 128040
0.650135 1.67988 124160 124160
0.654498 1.67988 117530 117530
0.658862 1.67988 107780 107780
0.663225 1.67988 96210  96210
0.667588 1.67988 85370  85370
0.671952 1.67988 77900  77900
0.676315 1.67988 74820  74820
0.680678 1.67988 74580  74580
0.685042 1.67988 75570  75570
0.689405 1.67988 78090  78090
0.693768 1.67988 82670  82670
0.698132 1.67988 88160  88160
0.702495 1.67988 92900  92900
0.706858 1.67988 96400  96400
0.711222 1.67988 99080  99080
0.715585 1.67988 101360 101360
0.719948 1.67988 103440 103440
0.724312 1.67988 105340 105340
0.728675 1.67988 107010 107010
0.733038 1.67988 108330 108330
0.436332 1.68424 189780 189780
0.440696 1.68424 191080 191080
0.445059 1.68424 192280 192280
0.449422 1.68424 193300 193300
0.453786 1.68424 194140 194140
0.458149 1.68424 194790 194790
0.462512 1.68424 195250 195250
0.466876 1.68424 195530 195530
0.471239 1.68424 195630 195630
0.475602 1.68424 195560 195560
0.479966 1.68424 195340 195340
0.484329 1.68424 194960 194960
0.488692 1.68424 194410 194410
0.493056 1.68424 193650 193650
0.497419 1.68424 192660 192660
0.501782 1.68424 191360 191360
0.506145 1.68424 189680 189680
0.510509 1.68424 187480 187480
0.514872 1.68424 184560 184560
0.519235 1.68424 180660 180660
0.523599 1.68424 175550 175550
0.527962 1.68424 169360 169360
0.532325 1.68424 162710 162710
0.536689 1.68424 156470 156470
0.541052 1.68424 151360 151360
0.545415 1.68424 147780 147780
0.549779 1.68424 145790 145790
0.554142 1.68424 145180 145180
0.558505 1.68424 145580 145580
0.562869 1.68424 146570 146570
0.567232 1.68424 147700 147700
0.571595 1.68424 148580 148580
0.575959 1.68424 148910 148910
0.580322 1.68424 148530 148530
0.584685 1.68424 147470 147470
0.589049 1.68424 145880 145880
0.593412 1.68424 143960 143960
0.597775 1.68424 141920 141920
0.602139 1.68424 139990 139990
0.606502 1.68424 138380 138380
0.610865 1.68424 137240 137240
0.615229 1.68424 136600 136600
0.619592 1.68424 136400 136400
0.623955 1.68424 136520 136520
0.628319 1.68424 136740 136740
0.632682 1.68424 136820 136820
0.637045 1.68424 136550 136550
0.641409 1.68424 135730 135730
0.645772 1.68424 134140 134140
0.650135 1.68424 131370 131370
0.654498 1.68424 126640 126640
0.658862 1.68424 119000 119000
0.663225 1.68424 108000 108000
0.667588 1.68424 95090  95090
0.671952 1.68424 84080  84080
0.676315 1.68424 77850  77850
0.680678 1.68424 75680  75680
0.685042 1.68424 75800  75800
0.689405 1.68424 78040  78040
0.693768 1.68424 82520  82520
0.698132 1.68424 87950  87950
0.702495 1.68424 92660  92660
0.706858 1.68424 96140  96140
0.711222 1.68424 98820  98820
0.715585 1.68424 101110 101110
0.719948 1.68424 103210 103210
0.724312 1.68424 105150 105150
0.728675 1.68424 106860 106860
0.733038 1.68424 108240 108240
0.436332 1.68861 189640 189640
0.440696 1.68861 190810 190810
0.445059 1.68861 191890 191890
0.449422 1.68861 192850 192850
0.453786 1.68861 193650 193650
0.458149 1.68861 194270 194270
0.462512 1.68861 194740 194740
0.466876 1.68861 195040 195040
0.471239 1.68861 195180 195180
0.475602 1.68861 195190 195190
0.479966 1.68861 195050 195050
0.484329 1.68861 194770 194770
0.488692 1.68861 194320 194320
0.493056 1.68861 193660 193660
0.497419 1.68861 192730 192730
0.501782 1.68861 191500 191500
0.506145 1.68861 189870 189870
0.510509 1.68861 187690 187690
0.514872 1.68861 184780 184780
0.519235 1.68861 180880 180880
0.523599 1.68861 175820 175820
0.527962 1.68861 169730 169730
0.532325 1.68861 163210 163210
0.536689 1.68861 157050 157050
0.541052 1.68861 151910 151910
0.545415 1.68861 148160 148160
0.549779 1.68861 145870 145870
0.554142 1.68861 144890 144890
0.558505 1.68861 144910 144910
0.562869 1.68861 145540 145540
0.567232 1.68861 146380 146380
0.571595 1.68861 147060 147060
0.575959 1.68861 147290 147290
0.580322 1.68861 146940 146940
0.584685 1.68861 145980 145980
0.589049 1.68861 144530 144530
0.593412 1.68861 142780 142780
0.597775 1.68861 140980 140980
0.602139 1.68861 139370 139370
0.606502 1.68861 138200 138200
0.610865 1.68861 137590 137590
0.615229 1.68861 137600 137600
0.619592 1.68861 138100 138100
0.623955 1.68861 138920 138920
0.628319 1.68861 139770 139770
0.632682 1.68861 140370 140370
0.637045 1.68861 140450 140450
0.641409 1.68861 139830 139830
0.645772 1.68861 138420 138420
0.650135 1.68861 136080 136080
0.654498 1.68861 132440 132440
0.658862 1.68861 126500 126500
0.663225 1.68861 116900 116900
0.667588 1.68861 104070 104070
0.671952 1.68861 91470  91470
0.676315 1.68861 82540  82540
0.680678 1.68861 77790  77790
0.685042 1.68861 76400  76400
0.689405 1.68861 78110  78110
0.693768 1.68861 82460  82460
0.698132 1.68861 87850  87850
0.702495 1.68861 92520  92520
0.706858 1.68861 95980  95980
0.711222 1.68861 98630  98630
0.715585 1.68861 100900 100900
0.719948 1.68861 102970 102970
0.724312 1.68861 104900 104900
0.728675 1.68861 106630 106630
0.733038 1.68861 108030 108030
0.436332 1.69297 189360 189360
0.440696 1.69297 190350 190350
0.445059 1.69297 191270 191270
0.449422 1.69297 192110 192110
0.453786 1.69297 192810 192810
0.458149 1.69297 193380 193380
0.462512 1.69297 193800 193800
0.466876 1.69297 194100 194100
0.471239 1.69297 194270 194270
0.475602 1.69297 194340 194340
0.479966 1.69297 194290 194290
0.484329 1.69297 194110 194110
0.488692 1.69297 193760 193760
0.493056 1.69297 193180 193180
0.497419 1.69297 192340 192340
0.501782 1.69297 191170 191170
0.506145 1.69297 189590 189590
0.510509 1.69297 187450 187450
0.514872 1.69297 184570 184570
0.519235 1.69297 180720 180720
0.523599 1.69297 175780 175780
0.527962 1.69297 169890 169890
0.532325 1.69297 163570 163570
0.536689 1.69297 157540 157540
0.541052 1.69297 152370 152370
0.545415 1.69297 148420 148420
0.549779 1.69297 145810 145810
0.554142 1.69297 144430 144430
0.558505 1.69297 144030 144030
0.562869 1.69297 144300 144300
0.567232 1.69297 144850 144850
0.571595 1.69297 145340 145340
0.575959 1.69297 145480 145480
0.580322 1.69297 145120 145120
0.584685 1.69297 144230 144230
0.589049 1.69297 142890 142890
0.593412 1.69297 141330 141330
0.597775 1.69297 139800 139800
0.602139 1.69297 138560 138560
0.606502 1.69297 137850 137850
0.610865 1.69297 137790 137790
0.615229 1.69297 138400 138400
0.619592 1.69297 139520 139520
0.623955 1.69297 140890 140890
0.628319 1.69297 142210 142210
0.632682 1.69297 143150 143150
0.637045 1.69297 143450 143450
0.641409 1.69297 142910 142910
0.645772 1.69297 141450 141450
0.650135 1.69297 139110 139110
0.654498 1.69297 135750 135750
0.658862 1.69297 130590 130590
0.663225 1.69297 122250 122250
0.667588 1.69297 110610 110610
0.671952 1.69297 97950  97950
0.676315 1.69297 87250  87250
0.680678 1.69297 80170  80170
0.685042 1.69297 77220  77220
0.689405 1.69297 78320  78320
0.693768 1.69297 82570  82570
0.698132 1.69297 87940  87940
0.702495 1.69297 92570  92570
0.706858 1.69297 95950  95950
0.711222 1.69297 98520  98520
0.715585 1.69297 100710 100710
0.719948 1.69297 102730 102730
0.724312 1.69297 104610 104610
0.728675 1.69297 106320 106320
0.733038 1.69297 107720 107720
0.436332 1.69733 188890 188890
0.440696 1.69733 189660 189660
0.445059 1.69733 190400 190400
0.449422 1.69733 191060 191060
0.453786 1.69733 191630 191630
0.458149 1.69733 192090 192090
0.462512 1.69733 192440 192440
0.466876 1.69733 192700 192700
0.471239 1.69733 192890 192890
0.475602 1.69733 193000 193000
0.479966 1.69733 193030 193030
0.484329 1.69733 192950 192950
0.488692 1.69733 192710 192710
0.493056 1.69733 192230 192230
0.497419 1.69733 191470 191470
0.501782 1.69733 190380 190380
0.506145 1.69733 188860 188860
0.510509 1.69733 186770 186770
0.514872 1.69733 183940 183940
0.519235 1.69733 180190 180190
0.523599 1.69733 175440 175440
0.527962 1.69733 169830 169830
0.532325 1.69733 163790 163790
0.536689 1.69733 157910 157910
0.541052 1.69733 152710 152710
0.545415 1.69733 148560 148560
0.549779 1.69733 145590 145590
0.554142 1.69733 143760 143760
0.558505 1.69733 142900 142900
0.562869 1.69733 142740 142740
0.567232 1.69733 142960 142960
0.571595 1.69733 143230 143230
0.575959 1.69733 143260 143260
0.580322 1.69733 142870 142870
0.584685 1.69733 142030 142030
0.589049 1.69733 140830 140830
0.593412 1.69733 139500 139500
0.597775 1.69733 138300 138300
0.602139 1.69733 137510 137510
0.606502 1.69733 137320 137320
0.610865 1.69733 137830 137830
0.615229 1.69733 139010 139010
0.619592 1.69733 140650 140650
0.623955 1.69733 142480 142480
0.628319 1.69733 144140 144140
0.632682 1.69733 145310 145310
0.637045 1.69733 145730 145730
0.641409 1.69733 145190 145190
0.645772 1.69733 143640 143640
0.650135 1.69733 141110 141110
0.654498 1.69733 137610 137610
0.658862 1.69733 132580 132580
0.663225 1.69733 124890 124890
0.667588 1.69733 114190 114190
0.671952 1.69733 101860 101860
0.676315 1.69733 90350  90350
0.680678 1.69733 81930  81930
0.685042 1.69733 78020  78020
0.689405 1.69733 78760  78760
0.693768 1.69733 82960  82960
0.698132 1.69733 88320  88320
0.702495 1.69733 92850  92850
0.706858 1.69733 96090  96090
0.711222 1.69733 98510  98510
0.715585 1.69733 100580 100580
0.719948 1.69733 102490 102490
0.724312 1.69733 104290 104290
0.728675 1.69733 105940 105940
0.733038 1.69733 107300 107300
0.436332 1.7017 188180  88180
0.440696 1.7017 188710  88710
0.445059 1.7017 189210  89210
0.449422 1.7017 189660  89660
0.453786 1.7017 190040  90040
0.458149 1.7017 190350  90350
0.462512 1.7017 190600  90600
0.466876 1.7017 190800  90800
0.471239 1.7017 190980  90980
0.475602 1.7017 191140  91140
0.479966 1.7017 191250  91250
0.484329 1.7017 191280  91280
0.488692 1.7017 191140  91140
0.493056 1.7017 190780  90780
0.497419 1.7017 190120  90120
0.501782 1.7017 189110  89110
0.506145 1.7017 187660  87660
0.510509 1.7017 185630  85630
0.514872 1.7017 182880  82880
0.519235 1.7017 179280  79280
0.523599 1.7017 174780  74780
0.527962 1.7017 169510  69510
0.532325 1.7017 163790  63790
0.536689 1.7017 158090  58090
0.541052 1.7017 152890  52890
0.545415 1.7017 148520  48520
0.549779 1.7017 145180  45180
0.554142 1.7017 142840  42840
0.558505 1.7017 141430  41430
0.562869 1.7017 140730  40730
0.567232 1.7017 140500  40500
0.571595 1.7017 140430  40430
0.575959 1.7017 140280  40280
0.580322 1.7017 139840  39840
0.584685 1.7017 139080  39080
0.589049 1.7017 138110  38110
0.593412 1.7017 137140  37140
0.597775 1.7017 136430  36430
0.602139 1.7017 136210  36210
0.606502 1.7017 136640  36640
0.610865 1.7017 137760  37760
0.615229 1.7017 139480  39480
0.619592 1.7017 141590  41590
0.623955 1.7017 143770  43770
0.628319 1.7017 145690  45690
0.632682 1.7017 147030  47030
0.637045 1.7017 147510  47510
0.641409 1.7017 146950  46950
0.645772 1.7017 145260  45260
0.650135 1.7017 142510  42510
0.654498 1.7017 138730  38730
0.658862 1.7017 133500  33500
0.663225 1.7017 125920  25920
0.667588 1.7017 115560  15560
0.671952 1.7017 103380  03380
0.676315 1.7017 91570   1570
0.680678 1.7017 82740   2740
0.685042 1.7017 78680   8680
0.689405 1.7017 79540   9540
0.693768 1.7017 83810   3810
0.698132 1.7017 89050   9050
0.702495 1.7017 93370   3370
0.706858 1.7017 96370   6370
0.711222 1.7017 98590   8590
0.715585 1.7017 100480  00480
0.719948 1.7017 102240  02240
0.724312 1.7017 103920  03920
0.728675 1.7017 105470  05470
0.733038 1.7017 106750  06750
0.436332 1.70606 187150 187150
0.440696 1.70606 187410 187410
0.445059 1.70606 187660 187660
0.449422 1.70606 187870 187870
0.453786 1.70606 188040 188040
0.458149 1.70606 188170 188170
0.462512 1.70606 188280 188280
0.466876 1.70606 188400 188400
0.471239 1.70606 188560 188560
0.475602 1.70606 188760 188760
0.479966 1.70606 188970 188970
0.484329 1.70606 189110 189110
0.488692 1.70606 189100 189100
0.493056 1.70606 188860 188860
0.497419 1.70606 188320 188320
0.501782 1.70606 187400 187400
0.506145 1.70606 186010 186010
0.510509 1.70606 184060 184060
0.514872 1.70606 181420 181420
0.519235 1.70606 178000 178000
0.523599 1.70606 173790 173790
0.527962 1.70606 168880 168880
0.532325 1.70606 163500 163500
0.536689 1.70606 158010 158010
0.541052 1.70606 152810 152810
0.545415 1.70606 148250 148250
0.549779 1.70606 144510 144510
0.554142 1.70606 141620 141620
0.558505 1.70606 139520 139520
0.562869 1.70606 138110 138110
0.567232 1.70606 137210 137210
0.571595 1.70606 136620 136620
0.575959 1.70606 136140 136140
0.580322 1.70606 135620 135620
0.584685 1.70606 135050 135050
0.589049 1.70606 134510 134510
0.593412 1.70606 134160 134160
0.597775 1.70606 134180 134180
0.602139 1.70606 134730 134730
0.606502 1.70606 135910 135910
0.610865 1.70606 137680 137680
0.615229 1.70606 139930 139930
0.619592 1.70606 142420 142420
0.623955 1.70606 144870 144870
0.628319 1.70606 146980 146980
0.632682 1.70606 148430 148430
0.637045 1.70606 148940 148940
0.641409 1.70606 148300 148300
0.645772 1.70606 146450 146450
0.650135 1.70606 143470 143470
0.654498 1.70606 139400 139400
0.658862 1.70606 133890 133890
0.663225 1.70606 126190 126190
0.667588 1.70606 115850 115850
0.671952 1.70606 103590 103590
0.676315 1.70606 91570  91570
0.680678 1.70606 82780  82780
0.685042 1.70606 79270  79270
0.689405 1.70606 80740  80740
0.693768 1.70606 85160  85160
0.698132 1.70606 90110  90110
0.702495 1.70606 94030  94030
0.706858 1.70606 96730  96730
0.711222 1.70606 98710  98710
0.715585 1.70606 100400 100400
0.719948 1.70606 101980 101980
0.724312 1.70606 103490 103490
0.728675 1.70606 104880 104880
0.733038 1.70606 106040 106040
0.436332 1.71042 185700 185700
0.440696 1.71042 185690 185690
0.445059 1.71042 185660 185660
0.449422 1.71042 185620 185620
0.453786 1.71042 185560 185560
0.458149 1.71042 185500 185500
0.462512 1.71042 185460 185460
0.466876 1.71042 185490 185490
0.471239 1.71042 185630 185630
0.475602 1.71042 185880 185880
0.479966 1.71042 186180 186180
0.484329 1.71042 186450 186450
0.488692 1.71042 186570 186570
0.493056 1.71042 186470 186470
0.497419 1.71042 186040 186040
0.501782 1.71042 185220 185220
0.506145 1.71042 183910 183910
0.510509 1.71042 182040 182040
0.514872 1.71042 179530 179530
0.519235 1.71042 176330 176330
0.523599 1.71042 172430 172430
0.527962 1.71042 167890 167890
0.532325 1.71042 162840 162840
0.536689 1.71042 157560 157560
0.541052 1.71042 152390 152390
0.545415 1.71042 147660 147660
0.549779 1.71042 143520 143520
0.554142 1.71042 140000 140000
0.558505 1.71042 137070 137070
0.562869 1.71042 134680 134680
0.567232 1.71042 132800 132800
0.571595 1.71042 131370 131370
0.575959 1.71042 130360 130360
0.580322 1.71042 129750 129750
0.584685 1.71042 129550 129550
0.589049 1.71042 129790 129790
0.593412 1.71042 130490 130490
0.597775 1.71042 131640 131640
0.602139 1.71042 133250 133250
0.606502 1.71042 135310 135310
0.610865 1.71042 137760 137760
0.615229 1.71042 140490 140490
0.619592 1.71042 143280 143280
0.623955 1.71042 145910 145910
0.628319 1.71042 148110 148110
0.632682 1.71042 149610 149610
0.637045 1.71042 150090 150090
0.641409 1.71042 149320 149320
0.645772 1.71042 147290 147290
0.650135 1.71042 144080 144080
0.654498 1.71042 139740 139740
0.658862 1.71042 133960 133960
0.663225 1.71042 126110 126110
0.667588 1.71042 115750 115750
0.671952 1.71042 103410 103410
0.676315 1.71042 91280  91280
0.680678 1.71042 82760  82760
0.685042 1.71042 80100  80100
0.689405 1.71042 82360  82360
0.693768 1.71042 86870  86870
0.698132 1.71042 91360  91360
0.702495 1.71042 94770  94770
0.706858 1.71042 97110  97110
0.711222 1.71042 98830  98830
0.715585 1.71042 100300 100300
0.719948 1.71042 101660 101660
0.724312 1.71042 102940 102940
0.728675 1.71042 104110 104110
0.733038 1.71042 105090 105090
0.436332 1.71479 183710 183710
0.440696 1.71479 183440 183440
0.445059 1.71479 183160 183160
0.449422 1.71479 182890 182890
0.453786 1.71479 182630 182630
0.458149 1.71479 182410 182410
0.462512 1.71479 182250 182250
0.466876 1.71479 182210 182210
0.471239 1.71479 182320 182320
0.475602 1.71479 182610 182610
0.479966 1.71479 183000 183000
0.484329 1.71479 183380 183380
0.488692 1.71479 183630 183630
0.493056 1.71479 183640 183640
0.497419 1.71479 183330 183330
0.501782 1.71479 182590 182590
0.506145 1.71479 181380 181380
0.510509 1.71479 179610 179610
0.514872 1.71479 177260 177260
0.519235 1.71479 174290 174290
0.523599 1.71479 170700 170700
0.527962 1.71479 166500 166500
0.532325 1.71479 161760 161760
0.536689 1.71479 156680 156680
0.541052 1.71479 151570 151570
0.545415 1.71479 146700 146700
0.549779 1.71479 142170 142170
0.554142 1.71479 137970 137970
0.558505 1.71479 134060 134060
0.562869 1.71479 130480 130480
0.567232 1.71479 127350 127350
0.571595 1.71479 124830 124830
0.575959 1.71479 123130 123130
0.580322 1.71479 122410 122410
0.584685 1.71479 122790 122790
0.589049 1.71479 124200 124200
0.593412 1.71479 126430 126430
0.597775 1.71479 129160 129160
0.602139 1.71479 132110 132110
0.606502 1.71479 135150 135150
0.610865 1.71479 138230 138230
0.615229 1.71479 141320 141320
0.619592 1.71479 144300 144300
0.623955 1.71479 146990 146990
0.628319 1.71479 149190 149190
0.632682 1.71479 150640 150640
0.637045 1.71479 151010 151010
0.641409 1.71479 150060 150060
0.645772 1.71479 147820 147820
0.650135 1.71479 144410 144410
0.654498 1.71479 139830 139830
0.658862 1.71479 133820 133820
0.663225 1.71479 125880 125880
0.667588 1.71479 115590 115590
0.671952 1.71479 103410 103410
0.676315 1.71479 91490  91490
0.680678 1.71479 83470  83470
0.685042 1.71479 81580  81580
0.689405 1.71479 84380  84380
0.693768 1.71479 88740  88740
0.698132 1.71479 92640  92640
0.702495 1.71479 95480  95480
0.706858 1.71479 97460  97460
0.711222 1.71479 98930  98930
0.715585 1.71479 100150 100150
0.719948 1.71479 101230 101230
0.724312 1.71479 102210 102210
0.728675 1.71479 103060 103060
0.733038 1.71479 103750 103750
0.436332 1.71915 181160 181160
0.440696 1.71915 180680 180680
0.445059 1.71915 180220 180220
0.449422 1.71915 179790 179790
0.453786 1.71915 179420 179420
0.458149 1.71915 179120 179120
0.462512 1.71915 178910 178910
0.466876 1.71915 178840 178840
0.471239 1.71915 178950 178950
0.475602 1.71915 179250 179250
0.479966 1.71915 179680 179680
0.484329 1.71915 180110 180110
0.488692 1.71915 180420 180420
0.493056 1.71915 180510 180510
0.497419 1.71915 180270 180270
0.501782 1.71915 179620 179620
0.506145 1.71915 178500 178500
0.510509 1.71915 176860 176860
0.514872 1.71915 174680 174680
0.519235 1.71915 171940 171940
0.523599 1.71915 168640 168640
0.527962 1.71915 164740 164740
0.532325 1.71915 160290 160290
0.536689 1.71915 155430 155430
0.541052 1.71915 150400 150400
0.545415 1.71915 145410 145410
0.549779 1.71915 140500 140500
0.554142 1.71915 135610 135610
0.558505 1.71915 130730 130730
0.562869 1.71915 125960 125960
0.567232 1.71915 121620 121620
0.571595 1.71915 118060 118060
0.575959 1.71915 115700 115700
0.580322 1.71915 114930 114930
0.584685 1.71915 116010 116010
0.589049 1.71915 118840 118840
0.593412 1.71915 122900 122900
0.597775 1.71915 127430 127430
0.602139 1.71915 131810 131810
0.606502 1.71915 135750 135750
0.610865 1.71915 139300 139300
0.615229 1.71915 142570 142570
0.619592 1.71915 145570 145570
0.623955 1.71915 148200 148200
0.628319 1.71915 150290 150290
0.632682 1.71915 151590 151590
0.637045 1.71915 151750 151750
0.641409 1.71915 150580 150580
0.645772 1.71915 148120 148120
0.650135 1.71915 144520 144520
0.654498 1.71915 139750 139750
0.658862 1.71915 133580 133580
0.663225 1.71915 125600 125600
0.667588 1.71915 115560 115560
0.671952 1.71915 103960 103960
0.676315 1.71915 92810  92810
0.680678 1.71915 85520  85520
0.685042 1.71915 84070  84070
0.689405 1.71915 86800  86800
0.693768 1.71915 90630  90630
0.698132 1.71915 93850  93850
0.702495 1.71915 96150  96150
0.706858 1.71915 97780  97780
0.711222 1.71915 98980  98980
0.715585 1.71915 99910  99910
0.719948 1.71915 100640 100640
0.724312 1.71915 101190 101190
0.728675 1.71915 101570 101570
0.733038 1.71915 101790 101790
0.436332 1.72351 178240 178240
0.440696 1.72351 177620 177620
0.445059 1.72351 177070 177070
0.449422 1.72351 176610 176610
0.453786 1.72351 176240 176240
0.458149 1.72351 175960 175960
0.462512 1.72351 175790 175790
0.466876 1.72351 175760 175760
0.471239 1.72351 175890 175890
0.475602 1.72351 176170 176170
0.479966 1.72351 176560 176560
0.484329 1.72351 176950 176950
0.488692 1.72351 177240 177240
0.493056 1.72351 177320 177320
0.497419 1.72351 177100 177100
0.501782 1.72351 176500 176500
0.506145 1.72351 175460 175460
0.510509 1.72351 173940 173940
0.514872 1.72351 171930 171930
0.519235 1.72351 169400 169400
0.523599 1.72351 166340 166340
0.527962 1.72351 162710 162710
0.532325 1.72351 158530 158530
0.536689 1.72351 153900 153900
0.541052 1.72351 149010 149010
0.545415 1.72351 143960 143960
0.549779 1.72351 138730 138730
0.554142 1.72351 133250 133250
0.558505 1.72351 127570 127570
0.562869 1.72351 121930 121930
0.567232 1.72351 116750 116750
0.571595 1.72351 112520 112520
0.575959 1.72351 109770 109770
0.580322 1.72351 109100 109100
0.584685 1.72351 110980 110980
0.589049 1.72351 115310 115310
0.593412 1.72351 121190 121190
0.597775 1.72351 127370 127370
0.602139 1.72351 132900 132900
0.606502 1.72351 137420 137420
0.610865 1.72351 141120 141120
0.615229 1.72351 144310 144310
0.619592 1.72351 147150 147150
0.623955 1.72351 149600 149600
0.628319 1.72351 151480 151480
0.632682 1.72351 152530 152530
0.637045 1.72351 152420 152420
0.641409 1.72351 150970 150970
0.645772 1.72351 148280 148280
0.650135 1.72351 144510 144510
0.654498 1.72351 139600 139600
0.658862 1.72351 133310 133310
0.663225 1.72351 125360 125360
0.667588 1.72351 115760 115760
0.671952 1.72351 105140 105140
0.676315 1.72351 95320  95320
0.680678 1.72351 88990  88990
0.685042 1.72351 87540  87540
0.689405 1.72351 89540  89540
0.693768 1.72351 92470  92470
0.698132 1.72351 94970  94970
0.702495 1.72351 96800  96800
0.706858 1.72351 98100  98100
0.711222 1.72351 99010  99010
0.715585 1.72351 99590  99590
0.719948 1.72351 99840  99840
0.724312 1.72351 99770  99770
0.728675 1.72351 99410  99410
0.733038 1.72351 98920  98920
0.436332 1.72788 175390 175390
0.440696 1.72788 174720 174720
0.445059 1.72788 174180 174180
0.449422 1.72788 173760 173760
0.453786 1.72788 173460 173460
0.458149 1.72788 173280 173280
0.462512 1.72788 173210 173210
0.466876 1.72788 173260 173260
0.471239 1.72788 173420 173420
0.475602 1.72788 173680 173680
0.479966 1.72788 173980 173980
0.484329 1.72788 174270 174270
0.488692 1.72788 174440 174440
0.493056 1.72788 174440 174440
0.497419 1.72788 174160 174160
0.501782 1.72788 173540 173540
0.506145 1.72788 172530 172530
0.510509 1.72788 171090 171090
0.514872 1.72788 169190 169190
0.519235 1.72788 166830 166830
0.523599 1.72788 163960 163960
0.527962 1.72788 160570 160570
0.532325 1.72788 156670 156670
0.536689 1.72788 152320 152320
0.541052 1.72788 147630 147630
0.545415 1.72788 142640 142640
0.549779 1.72788 137270 137270
0.554142 1.72788 131460 131460
0.558505 1.72788 125370 125370
0.562869 1.72788 119360 119360
0.567232 1.72788 113880 113880
0.571595 1.72788 109480 109480
0.575959 1.72788 106770 106770
0.580322 1.72788 106520 106520
0.584685 1.72788 109370 109370
0.589049 1.72788 115180 115180
0.593412 1.72788 122550 122550
0.597775 1.72788 129760 129760
0.602139 1.72788 135730 135730
0.606502 1.72788 140240 140240
0.610865 1.72788 143700 143700
0.615229 1.72788 146560 146560
0.619592 1.72788 149080 149080
0.623955 1.72788 151240 151240
0.628319 1.72788 152840 152840
0.632682 1.72788 153580 153580
0.637045 1.72788 153120 153120
0.641409 1.72788 151350 151350
0.645772 1.72788 148410 148410
0.650135 1.72788 144480 144480
0.654498 1.72788 139460 139460
0.658862 1.72788 133110 133110
0.663225 1.72788 125260 125260
0.667588 1.72788 116150 116150
0.671952 1.72788 106690 106690
0.676315 1.72788 98410  98410
0.680678 1.72788 93070  93070
0.685042 1.72788 91380  91380
0.689405 1.72788 92320  92320
0.693768 1.72788 94220  94220
0.698132 1.72788 96040  96040
0.702495 1.72788 97460  97460
0.706858 1.72788 98460  98460
0.711222 1.72788 99050  99050
0.715585 1.72788 99200  99200
0.719948 1.72788 98840  98840
0.724312 1.72788 97880  97880
0.728675 1.72788 96460  96460
0.733038 1.72788 95010  95010
0.436332 1.73224 173060 173060
0.440696 1.73224 172400 172400
0.445059 1.73224 171890 171890
0.449422 1.73224 171540 171540
0.453786 1.73224 171330 171330
0.458149 1.73224 171270 171270
0.462512 1.73224 171330 171330
0.466876 1.73224 171470 171470
0.471239 1.73224 171680 171680
0.475602 1.73224 171920 171920
0.479966 1.73224 172130 172130
0.484329 1.73224 172280 172280
0.488692 1.73224 172300 172300
0.493056 1.73224 172140 172140
0.497419 1.73224 171740 171740
0.501782 1.73224 171030 171030
0.506145 1.73224 169980 169980
0.510509 1.73224 168530 168530
0.514872 1.73224 166690 166690
0.519235 1.73224 164420 164420
0.523599 1.73224 161720 161720
0.527962 1.73224 158560 158560
0.532325 1.73224 154960 154960
0.536689 1.73224 150950 150950
0.541052 1.73224 146590 146590
0.545415 1.73224 141850 141850
0.549779 1.73224 136640 136640
0.554142 1.73224 130940 130940
0.558505 1.73224 124990 124990
0.562869 1.73224 119200 119200
0.567232 1.73224 114040 114040
0.571595 1.73224 110030 110030
0.575959 1.73224 107880 107880
0.580322 1.73224 108450 108450
0.584685 1.73224 112400 112400
0.589049 1.73224 119350 119350
0.593412 1.73224 127450 127450
0.597775 1.73224 134650 134650
0.602139 1.73224 140110 140110
0.606502 1.73224 143990 143990
0.610865 1.73224 146870 146870
0.615229 1.73224 149260 149260
0.619592 1.73224 151380 151380
0.623955 1.73224 153190 153190
0.628319 1.73224 154480 154480
0.632682 1.73224 154880 154880
0.637045 1.73224 154050 154050
0.641409 1.73224 151890 151890
0.645772 1.73224 148640 148640
0.650135 1.73224 144530 144530
0.654498 1.73224 139440 139440
0.658862 1.73224 133080 133080
0.663225 1.73224 125350 125350
0.667588 1.73224 116720 116720
0.671952 1.73224 108260 108260
0.676315 1.73224 101310 101310
0.680678 1.73224 96790  96790
0.685042 1.73224 94870  94870
0.689405 1.73224 94900  94900
0.693768 1.73224 95900  95900
0.698132 1.73224 97130  97130
0.702495 1.73224 98190  98190
0.706858 1.73224 98900  98900
0.711222 1.73224 99150  99150
0.715585 1.73224 98830  98830
0.719948 1.73224 97730  97730
0.724312 1.73224 95730  95730
0.728675 1.73224 93060  93060
0.733038 1.73224 90520  90520
0.436332 1.7366 171390  71390
0.440696 1.7366 170750  70750
0.445059 1.7366 170270  70270
0.449422 1.7366 169980  69980
0.453786 1.7366 169860  69860
0.458149 1.7366 169910  69910
0.462512 1.7366 170090  70090
0.466876 1.7366 170340  70340
0.471239 1.7366 170610  70610
0.475602 1.7366 170830  70830
0.479966 1.7366 170980  70980
0.484329 1.7366 171000  71000
0.488692 1.7366 170850  70850
0.493056 1.7366 170510  70510
0.497419 1.7366 169940  69940
0.501782 1.7366 169090  69090
0.506145 1.7366 167930  67930
0.510509 1.7366 166430  66430
0.514872 1.7366 164580  64580
0.519235 1.7366 162390  62390
0.523599 1.7366 159840  59840
0.527962 1.7366 156920  56920
0.532325 1.7366 153660  53660
0.536689 1.7366 150070  50070
0.541052 1.7366 146200  46200
0.545415 1.7366 141990  41990
0.549779 1.7366 137350  37350
0.554142 1.7366 132300  32300
0.558505 1.7366 127100  27100
0.562869 1.7366 122160  22160
0.567232 1.7366 117930  17930
0.571595 1.7366 114950  14950
0.575959 1.7366 113920  13920
0.580322 1.7366 115600  15600
0.584685 1.7366 120330  20330
0.589049 1.7366 127450  27450
0.593412 1.7366 134990  34990
0.597775 1.7366 141100  41100
0.602139 1.7366 145330  45330
0.606502 1.7366 148200  48200
0.610865 1.7366 150370  50370
0.615229 1.7366 152260  52260
0.619592 1.7366 154000  54000
0.623955 1.7366 155520  55520
0.628319 1.7366 156530  56530
0.632682 1.7366 156630  56630
0.637045 1.7366 155430  55430
0.641409 1.7366 152840  52840
0.645772 1.7366 149190  49190
0.650135 1.7366 144830  44830
0.654498 1.7366 139650  39650
0.658862 1.7366 133310  33310
0.663225 1.7366 125730  25730
0.667588 1.7366 117470  17470
0.671952 1.7366 109730  09730
0.676315 1.7366 103670  03670
0.680678 1.7366 99730   9730
0.685042 1.7366 97710   7710
0.689405 1.7366 97150   7150
0.693768 1.7366 97540   7540
0.698132 1.7366 98320   8320
0.702495 1.7366 99060   9060
0.706858 1.7366 99480   9480
0.711222 1.7366 99400   9400
0.715585 1.7366 98600   8600
0.719948 1.7366 96790   6790
0.724312 1.7366 93840   3840
0.728675 1.7366 90110   0110
0.733038 1.7366 86680   6680
0.436332 1.74097 170330 170330
0.440696 1.74097 169690 169690
0.445059 1.74097 169230 169230
0.449422 1.74097 168970 168970
0.453786 1.74097 168930 168930
0.458149 1.74097 169100 169100
0.462512 1.74097 169400 169400
0.466876 1.74097 169750 169750
0.471239 1.74097 170090 170090
0.475602 1.74097 170330 170330
0.479966 1.74097 170420 170420
0.484329 1.74097 170320 170320
0.488692 1.74097 170020 170020
0.493056 1.74097 169500 169500
0.497419 1.74097 168750 168750
0.501782 1.74097 167740 167740
0.506145 1.74097 166450 166450
0.510509 1.74097 164870 164870
0.514872 1.74097 163010 163010
0.519235 1.74097 160890 160890
0.523599 1.74097 158500 158500
0.527962 1.74097 155870 155870
0.532325 1.74097 153000 153000
0.536689 1.74097 149950 149950
0.541052 1.74097 146720 146720
0.545415 1.74097 143290 143290
0.549779 1.74097 139600 139600
0.554142 1.74097 135670 135670
0.558505 1.74097 131720 131720
0.562869 1.74097 128130 128130
0.567232 1.74097 125340 125340
0.571595 1.74097 123870 123870
0.575959 1.74097 124290 124290
0.580322 1.74097 126990 126990
0.584685 1.74097 131780 131780
0.589049 1.74097 137750 137750
0.593412 1.74097 143420 143420
0.597775 1.74097 147670 147670
0.602139 1.74097 150450 150450
0.606502 1.74097 152340 152340
0.610865 1.74097 153900 153900
0.615229 1.74097 155410 155410
0.619592 1.74097 156900 156900
0.623955 1.74097 158260 158260
0.628319 1.74097 159150 159150
0.632682 1.74097 159090 159090
0.637045 1.74097 157590 157590
0.641409 1.74097 154530 154530
0.645772 1.74097 150380 150380
0.650135 1.74097 145640 145640
0.654498 1.74097 140260 140260
0.658862 1.74097 133910 133910
0.663225 1.74097 126480 126480
0.667588 1.74097 118500 118500
0.671952 1.74097 111170 111170
0.676315 1.74097 105590 105590
0.680678 1.74097 101980 101980
0.685042 1.74097 99970  99970
0.689405 1.74097 99160  99160
0.693768 1.74097 99190  99190
0.698132 1.74097 99640  99640
0.702495 1.74097 100100 100100
0.706858 1.74097 100280 100280
0.711222 1.74097 99900  99900
0.715585 1.74097 98670  98670
0.719948 1.74097 96290  96290
0.724312 1.74097 92710  92710
0.728675 1.74097 88410  88410
0.733038 1.74097 84450  84450
0.436332 1.74533 169830 169830
0.440696 1.74533 169160 169160
0.445059 1.74533 168690 168690
0.449422 1.74533 168460 168460
0.453786 1.74533 168500 168500
0.458149 1.74533 168770 168770
0.462512 1.74533 169200 169200
0.466876 1.74533 169680 169680
0.471239 1.74533 170100 170100
0.475602 1.74533 170370 170370
0.479966 1.74533 170420 170420
0.484329 1.74533 170210 170210
0.488692 1.74533 169750 169750
0.493056 1.74533 169050 169050
0.497419 1.74533 168110 168110
0.501782 1.74533 166940 166940
0.506145 1.74533 165540 165540
0.510509 1.74533 163890 163890
0.514872 1.74533 162040 162040
0.519235 1.74533 160020 160020
0.523599 1.74533 157840 157840
0.527962 1.74533 155530 155530
0.532325 1.74533 153130 153130
0.536689 1.74533 150670 150670
0.541052 1.74533 148190 148190
0.545415 1.74533 145680 145680
0.549779 1.74533 143130 143130
0.554142 1.74533 140540 140540
0.558505 1.74533 138080 138080
0.562869 1.74533 136040 136040
0.567232 1.74533 134800 134800
0.571595 1.74533 134800 134800
0.575959 1.74533 136380 136380
0.580322 1.74533 139480 139480
0.584685 1.74533 143510 143510
0.589049 1.74533 147570 147570
0.593412 1.74533 150940 150940
0.597775 1.74533 153290 153290
0.602139 1.74533 154830 154830
0.606502 1.74533 156020 156020
0.610865 1.74533 157190 157190
0.615229 1.74533 158510 158510
0.619592 1.74533 159970 159970
0.623955 1.74533 161400 161400
0.628319 1.74533 162420 162420
0.632682 1.74533 162440 162440
0.637045 1.74533 160830 160830
0.641409 1.74533 157390 157390
0.645772 1.74533 152640 152640
0.650135 1.74533 147280 147280
0.654498 1.74533 141480 141480
0.658862 1.74533 135010 135010
0.663225 1.74533 127690 127690
0.667588 1.74533 119940 119940
0.671952 1.74533 112840 112840
0.676315 1.74533 107430 107430
0.680678 1.74533 103910 103910
0.685042 1.74533 101920 101920
0.689405 1.74533 101030 101030
0.693768 1.74533 100880 100880
0.698132 1.74533 101110 101110
0.702495 1.74533 101370 101370
0.706858 1.74533 101350 101350
0.711222 1.74533 100740 100740
0.715585 1.74533 99190  99190
0.719948 1.74533 96430  96430
0.724312 1.74533 92490  92490
0.728675 1.74533 87910  87910
0.733038 1.74533 83650  83650
0.436332 1.74969 169870 169870
0.440696 1.74969 169160 169160
0.445059 1.74969 168660 168660
0.449422 1.74969 168460 168460
0.453786 1.74969 168570 168570
0.458149 1.74969 168960 168960
0.462512 1.74969 169530 169530
0.466876 1.74969 170150 170150
0.471239 1.74969 170680 170680
0.475602 1.74969 170980 170980
0.479966 1.74969 170990 170990
0.484329 1.74969 170660 170660
0.488692 1.74969 170030 170030
0.493056 1.74969 169130 169130
0.497419 1.74969 168010 168010
0.501782 1.74969 166680 166680
0.506145 1.74969 165170 165170
0.510509 1.74969 163490 163490
0.514872 1.74969 161680 161680
0.519235 1.74969 159790 159790
0.523599 1.74969 157860 157860
0.527962 1.74969 155920 155920
0.532325 1.74969 154030 154030
0.536689 1.74969 152210 152210
0.541052 1.74969 150500 150500
0.545415 1.74969 148910 148910
0.549779 1.74969 147440 147440
0.554142 1.74969 146110 146110
0.558505 1.74969 145010 145010
0.562869 1.74969 144330 144330
0.567232 1.74969 144340 144340
0.571595 1.74969 145270 145270
0.575959 1.74969 147180 147180
0.580322 1.74969 149810 149810
0.584685 1.74969 152560 152560
0.589049 1.74969 154820 154820
0.593412 1.74969 156400 156400
0.597775 1.74969 157440 157440
0.602139 1.74969 158220 158220
0.606502 1.74969 159020 159020
0.610865 1.74969 160060 160060
0.615229 1.74969 161410 161410
0.619592 1.74969 163070 163070
0.623955 1.74969 164820 164820
0.628319 1.74969 166240 166240
0.632682 1.74969 166620 166620
0.637045 1.74969 165180 165180
0.641409 1.74969 161560 161560
0.645772 1.74969 156220 156220
0.650135 1.74969 150000 150000
0.654498 1.74969 143470 143470
0.658862 1.74969 136690 136690
0.663225 1.74969 129460 129460
0.667588 1.74969 121930 121930
0.671952 1.74969 114980 114980
0.676315 1.74969 109580 109580
0.680678 1.74969 105980 105980
0.685042 1.74969 103910 103910
0.689405 1.74969 102940 102940
0.693768 1.74969 102690 102690
0.698132 1.74969 102790 102790
0.702495 1.74969 102920 102920
0.706858 1.74969 102780 102780
0.711222 1.74969 102020 102020
0.715585 1.74969 100270 100270
0.719948 1.74969 97250  97250
0.724312 1.74969 92980  92980
0.728675 1.74969 88040  88040
0.733038 1.74969 83430  83430
0.436332 1.75406 170380 170380
0.440696 1.75406 169630 169630
0.445059 1.75406 169120 169120
0.449422 1.75406 168950 168950
0.453786 1.75406 169150 169150
0.458149 1.75406 169680 169680
0.462512 1.75406 170430 170430
0.466876 1.75406 171230 171230
0.471239 1.75406 171880 171880
0.475602 1.75406 172220 172220
0.479966 1.75406 172150 172150
0.484329 1.75406 171670 171670
0.488692 1.75406 170820 170820
0.493056 1.75406 169690 169690
0.497419 1.75406 168340 168340
0.501782 1.75406 166860 166860
0.506145 1.75406 165260 165260
0.510509 1.75406 163570 163570
0.514872 1.75406 161850 161850
0.519235 1.75406 160140 160140
0.523599 1.75406 158490 158490
0.527962 1.75406 156970 156970
0.532325 1.75406 155590 155590
0.536689 1.75406 154400 154400
0.541052 1.75406 153410 153410
0.545415 1.75406 152640 152640
0.549779 1.75406 152070 152070
0.554142 1.75406 151700 151700
0.558505 1.75406 151570 151570
0.562869 1.75406 151780 151780
0.567232 1.75406 152430 152430
0.571595 1.75406 153580 153580
0.575959 1.75406 155120 155120
0.580322 1.75406 156770 156770
0.584685 1.75406 158210 158210
0.589049 1.75406 159190 159190
0.593412 1.75406 159770 159770
0.597775 1.75406 160170 160170
0.602139 1.75406 160620 160620
0.606502 1.75406 161330 161330
0.610865 1.75406 162430 162430
0.615229 1.75406 164010 164010
0.619592 1.75406 166030 166030
0.623955 1.75406 168270 168270
0.628319 1.75406 170260 170260
0.632682 1.75406 171200 171200
0.637045 1.75406 170220 170220
0.641409 1.75406 166750 166750
0.645772 1.75406 161000 161000
0.650135 1.75406 153820 153820
0.654498 1.75406 146300 146300
0.658862 1.75406 139050 139050
0.663225 1.75406 131880 131880
0.667588 1.75406 124610 124610
0.671952 1.75406 117810 117810
0.676315 1.75406 112320 112320
0.680678 1.75406 108510 108510
0.685042 1.75406 106230 106230
0.689405 1.75406 105130 105130
0.693768 1.75406 104790 104790
0.698132 1.75406 104830 104830
0.702495 1.75406 104910 104910
0.706858 1.75406 104690 104690
0.711222 1.75406 103850 103850
0.715585 1.75406 101990 101990
0.719948 1.75406 98750  98750
0.724312 1.75406 93980  93980
0.728675 1.75406 88300  88300
0.733038 1.75406 83120  83120
0.436332 1.75842 171260 171260
0.440696 1.75842 170490 170490
0.445059 1.75842 170000 170000
0.449422 1.75842 169890 169890
0.453786 1.75842 170210 170210
0.458149 1.75842 170940 170940
0.462512 1.75842 171910 171910
0.466876 1.75842 172910 172910
0.471239 1.75842 173680 173680
0.475602 1.75842 174030 174030
0.479966 1.75842 173860 173860
0.484329 1.75842 173160 173160
0.488692 1.75842 172040 172040
0.493056 1.75842 170610 170610
0.497419 1.75842 169020 169020
0.501782 1.75842 167360 167360
0.506145 1.75842 165690 165690
0.510509 1.75842 164040 164040
0.514872 1.75842 162450 162450
0.519235 1.75842 160950 160950
0.523599 1.75842 159630 159630
0.527962 1.75842 158510 158510
0.532325 1.75842 157650 157650
0.536689 1.75842 157040 157040
0.541052 1.75842 156700 156700
0.545415 1.75842 156580 156580
0.549779 1.75842 156650 156650
0.554142 1.75842 156870 156870
0.558505 1.75842 157220 157220
0.562869 1.75842 157740 157740
0.567232 1.75842 158430 158430
0.571595 1.75842 159250 159250
0.575959 1.75842 160100 160100
0.580322 1.75842 160800 160800
0.584685 1.75842 161270 161270
0.589049 1.75842 161510 161510
0.593412 1.75842 161620 161620
0.597775 1.75842 161800 161800
0.602139 1.75842 162200 162200
0.606502 1.75842 162990 162990
0.610865 1.75842 164300 164300
0.615229 1.75842 166210 166210
0.619592 1.75842 168690 168690
0.623955 1.75842 171490 171490
0.628319 1.75842 174050 174050
0.632682 1.75842 175610 175610
0.637045 1.75842 175290 175290
0.641409 1.75842 172350 172350
0.645772 1.75842 166560 166560
0.650135 1.75842 158620 158620
0.654498 1.75842 150110 150110
0.658862 1.75842 142270 142270
0.663225 1.75842 135060 135060
0.667588 1.75842 128040 128040
0.671952 1.75842 121410 121410
0.676315 1.75842 115810 115810
0.680678 1.75842 111710 111710
0.685042 1.75842 109170 109170
0.689405 1.75842 107910 107910
0.693768 1.75842 107500 107500
0.698132 1.75842 107530 107530
0.702495 1.75842 107600 107600
0.706858 1.75842 107350 107350
0.711222 1.75842 106450 106450
0.715585 1.75842 104510 104510
0.719948 1.75842 101010 101010
0.724312 1.75842 95570  95570
0.728675 1.75842 88840  88840
0.733038 1.75842 82860  82860
0.436332 1.76278 172400 172400
0.440696 1.76278 171640 171640
0.445059 1.76278 171200 171200
0.449422 1.76278 171200 171200
0.453786 1.76278 171720 171720
0.458149 1.76278 172690 172690
0.462512 1.76278 173910 173910
0.466876 1.76278 175100 175100
0.471239 1.76278 175950 175950
0.475602 1.76278 176260 176260
0.479966 1.76278 175930 175930
0.484329 1.76278 174980 174980
0.488692 1.76278 173530 173530
0.493056 1.76278 171770 171770
0.497419 1.76278 169890 169890
0.501782 1.76278 168050 168050
0.506145 1.76278 166330 166330
0.510509 1.76278 164760 164760
0.514872 1.76278 163340 163340
0.519235 1.76278 162120 162120
0.523599 1.76278 161140 161140
0.527962 1.76278 160430 160430
0.532325 1.76278 160040 160040
0.536689 1.76278 159950 159950
0.541052 1.76278 160120 160120
0.545415 1.76278 160470 160470
0.549779 1.76278 160920 160920
0.554142 1.76278 161380 161380
0.558505 1.76278 161810 161810
0.562869 1.76278 162190 162190
0.567232 1.76278 162500 162500
0.571595 1.76278 162740 162740
0.575959 1.76278 162870 162870
0.580322 1.76278 162870 162870
0.584685 1.76278 162760 162760
0.589049 1.76278 162620 162620
0.593412 1.76278 162550 162550
0.597775 1.76278 162700 162700
0.602139 1.76278 163180 163180
0.606502 1.76278 164140 164140
0.610865 1.76278 165730 165730
0.615229 1.76278 168020 168020
0.619592 1.76278 170960 170960
0.623955 1.76278 174250 174250
0.628319 1.76278 177320 177320
0.632682 1.76278 179430 179430
0.637045 1.76278 179820 179820
0.641409 1.76278 177670 177670
0.645772 1.76278 172350 172350
0.650135 1.76278 164230 164230
0.654498 1.76278 155080 155080
0.658862 1.76278 146630 146630
0.663225 1.76278 139150 139150
0.667588 1.76278 132210 132210
0.671952 1.76278 125740 125740
0.676315 1.76278 120090 120090
0.680678 1.76278 115740 115740
0.685042 1.76278 112950 112950
0.689405 1.76278 111550 111550
0.693768 1.76278 111130 111130
0.698132 1.76278 111220 111220
0.702495 1.76278 111360 111360
0.706858 1.76278 111130 111130
0.711222 1.76278 110160 110160
0.715585 1.76278 108080 108080
0.719948 1.76278 104270 104270
0.724312 1.76278 98180  98180
0.728675 1.76278 90520  90520
0.733038 1.76278 83750  83750
0.436332 1.76715 173660 173660
0.440696 1.76715 172970 172970
0.445059 1.76715 172640 172640
0.449422 1.76715 172810 172810
0.453786 1.76715 173560 173560
0.458149 1.76715 174800 174800
0.462512 1.76715 176270 176270
0.466876 1.76715 177590 177590
0.471239 1.76715 178450 178450
0.475602 1.76715 178650 178650
0.479966 1.76715 178120 178120
0.484329 1.76715 176890 176890
0.488692 1.76715 175110 175110
0.493056 1.76715 172990 172990
0.497419 1.76715 170820 170820
0.501782 1.76715 168810 168810
0.506145 1.76715 167070 167070
0.510509 1.76715 165610 165610
0.514872 1.76715 164430 164430
0.519235 1.76715 163520 163520
0.523599 1.76715 162920 162920
0.527962 1.76715 162630 162630
0.532325 1.76715 162670 162670
0.536689 1.76715 163000 163000
0.541052 1.76715 163540 163540
0.545415 1.76715 164170 164170
0.549779 1.76715 164770 164770
0.554142 1.76715 165210 165210
0.558505 1.76715 165430 165430
0.562869 1.76715 165420 165420
0.567232 1.76715 165190 165190
0.571595 1.76715 164820 164820
0.575959 1.76715 164350 164350
0.580322 1.76715 163850 163850
0.584685 1.76715 163400 163400
0.589049 1.76715 163080 163080
0.593412 1.76715 162970 162970
0.597775 1.76715 163150 163150
0.602139 1.76715 163750 163750
0.606502 1.76715 164920 164920
0.610865 1.76715 166790 166790
0.615229 1.76715 169460 169460
0.619592 1.76715 172810 172810
0.623955 1.76715 176510 176510
0.628319 1.76715 179950 179950
0.632682 1.76715 182490 182490
0.637045 1.76715 183530 183530
0.641409 1.76715 182270 182270
0.645772 1.76715 177880 177880
0.650135 1.76715 170380 170380
0.654498 1.76715 161280 161280
0.658862 1.76715 152350 152350
0.663225 1.76715 144350 144350
0.667588 1.76715 137220 137220
0.671952 1.76715 130800 130800
0.676315 1.76715 125170 125170
0.680678 1.76715 120720 120720
0.685042 1.76715 117780 117780
0.689405 1.76715 116300 116300
0.693768 1.76715 115930 115930
0.698132 1.76715 116150 116150
0.702495 1.76715 116430 116430
0.706858 1.76715 116260 116260
0.711222 1.76715 115210 115210
0.715585 1.76715 112910 112910
0.719948 1.76715 108780 108780
0.724312 1.76715 102280 102280
0.728675 1.76715 94090  94090
0.733038 1.76715 86600  86600
0.436332 1.77151 174930 174930
0.440696 1.77151 174370 174370
0.445059 1.77151 174210 174210
0.449422 1.77151 174600 174600
0.453786 1.77151 175600 175600
0.458149 1.77151 177090 177090
0.462512 1.77151 178720 178720
0.466876 1.77151 180090 180090
0.471239 1.77151 180890 180890
0.475602 1.77151 180960 180960
0.479966 1.77151 180230 180230
0.484329 1.77151 178730 178730
0.488692 1.77151 176620 176620
0.493056 1.77151 174160 174160
0.497419 1.77151 171710 171710
0.501782 1.77151 169550 169550
0.506145 1.77151 167830 167830
0.510509 1.77151 166550 166550
0.514872 1.77151 165650 165650
0.519235 1.77151 165120 165120
0.523599 1.77151 164930 164930
0.527962 1.77151 165060 165060
0.532325 1.77151 165490 165490
0.536689 1.77151 166160 166160
0.541052 1.77151 166940 166940
0.545415 1.77151 167690 167690
0.549779 1.77151 168230 168230
0.554142 1.77151 168460 168460
0.558505 1.77151 168310 168310
0.562869 1.77151 167810 167810
0.567232 1.77151 167030 167030
0.571595 1.77151 166110 166110
0.575959 1.77151 165160 165160
0.580322 1.77151 164320 164320
0.584685 1.77151 163650 163650
0.589049 1.77151 163230 163230
0.593412 1.77151 163110 163110
0.597775 1.77151 163360 163360
0.602139 1.77151 164090 164090
0.606502 1.77151 165460 165460
0.610865 1.77151 167610 167610
0.615229 1.77151 170630 170630
0.619592 1.77151 174340 174340
0.623955 1.77151 178340 178340
0.628319 1.77151 182040 182040
0.632682 1.77151 184890 184890
0.637045 1.77151 186440 186440
0.641409 1.77151 186050 186050
0.645772 1.77151 182880 182880
0.650135 1.77151 176660 176660
0.654498 1.77151 168320 168320
0.658862 1.77151 159350 159350
0.663225 1.77151 150890 150890
0.667588 1.77151 143440 143440
0.671952 1.77151 136950 136950
0.676315 1.77151 131370 131370
0.680678 1.77151 126950 126950
0.685042 1.77151 123980 123980
0.689405 1.77151 122500 122500
0.693768 1.77151 122180 122180
0.698132 1.77151 122500 122500
0.702495 1.77151 122830 122830
0.706858 1.77151 122630 122630
0.711222 1.77151 121480 121480
0.715585 1.77151 118990 118990
0.719948 1.77151 114640 114640
0.724312 1.77151 107930 107930
0.728675 1.77151 99370  99370
0.733038 1.77151 90940  90940
0.436332 1.77587 176120 176120
0.440696 1.77587 175740 175740
0.445059 1.77587 175800 175800
0.449422 1.77587 176440 176440
0.453786 1.77587 177670 177670
0.458149 1.77587 179320 179320
0.462512 1.77587 181010 181010
0.466876 1.77587 182350 182350
0.471239 1.77587 183060 183060
0.475602 1.77587 182990 182990
0.479966 1.77587 182090 182090
0.484329 1.77587 180360 180360
0.488692 1.77587 177960 177960
0.493056 1.77587 175190 175190
0.497419 1.77587 172490 172490
0.501782 1.77587 170250 170250
0.506145 1.77587 168620 168620
0.510509 1.77587 167570 167570
0.514872 1.77587 167020 167020
0.519235 1.77587 166900 166900
0.523599 1.77587 167160 167160
0.527962 1.77587 167720 167720
0.532325 1.77587 168520 168520
0.536689 1.77587 169450 169450
0.541052 1.77587 170360 170360
0.545415 1.77587 171070 171070
0.549779 1.77587 171430 171430
0.554142 1.77587 171310 171310
0.558505 1.77587 170710 170710
0.562869 1.77587 169690 169690
0.567232 1.77587 168390 168390
0.571595 1.77587 167010 167010
0.575959 1.77587 165700 165700
0.580322 1.77587 164600 164600
0.584685 1.77587 163790 163790
0.589049 1.77587 163300 163300
0.593412 1.77587 163190 163190
0.597775 1.77587 163520 163520
0.602139 1.77587 164370 164370
0.606502 1.77587 165930 165930
0.610865 1.77587 168350 168350
0.615229 1.77587 171680 171680
0.619592 1.77587 175690 175690
0.623955 1.77587 179910 179910
0.628319 1.77587 183770 183770
0.632682 1.77587 186830 186830
0.637045 1.77587 188760 188760
0.641409 1.77587 189130 189130
0.645772 1.77587 187230 187230
0.650135 1.77587 182610 182610
0.654498 1.77587 175640 175640
0.658862 1.77587 167340 167340
0.663225 1.77587 158970 158970
0.667588 1.77587 151440 151440
0.671952 1.77587 144990 144990
0.676315 1.77587 139590 139590
0.680678 1.77587 135380 135380
0.685042 1.77587 132550 132550
0.689405 1.77587 131080 131080
0.693768 1.77587 130630 130630
0.698132 1.77587 130630 130630
0.702495 1.77587 130530 130530
0.706858 1.77587 129900 129900
0.711222 1.77587 128440 128440
0.715585 1.77587 125810 125810
0.719948 1.77587 121390 121390
0.724312 1.77587 114560 114560
0.728675 1.77587 105510 105510
0.733038 1.77587 95780  95780
0.436332 1.78024 177120 177120
0.440696 1.78024 176970 176970
0.445059 1.78024 177260 177260
0.449422 1.78024 178130 178130
0.453786 1.78024 179540 179540
0.458149 1.78024 181270 181270
0.462512 1.78024 182950 182950
0.466876 1.78024 184230 184230
0.471239 1.78024 184850 184850
0.475602 1.78024 184680 184680
0.479966 1.78024 183640 183640
0.484329 1.78024 181740 181740
0.488692 1.78024 179100 179100
0.493056 1.78024 176080 176080
0.497419 1.78024 173200 173200
0.501782 1.78024 170940 170940
0.506145 1.78024 169460 169460
0.510509 1.78024 168720 168720
0.514872 1.78024 168570 168570
0.519235 1.78024 168920 168920
0.523599 1.78024 169640 169640
0.527962 1.78024 170640 170640
0.532325 1.78024 171770 171770
0.536689 1.78024 172870 172870
0.541052 1.78024 173790 173790
0.545415 1.78024 174340 174340
0.549779 1.78024 174410 174410
0.554142 1.78024 173900 173900
0.558505 1.78024 172830 172830
0.562869 1.78024 171320 171320
0.567232 1.78024 169570 169570
0.571595 1.78024 167810 167810
0.575959 1.78024 166220 166220
0.580322 1.78024 164930 164930
0.584685 1.78024 164010 164010
0.589049 1.78024 163490 163490
0.593412 1.78024 163400 163400
0.597775 1.78024 163800 163800
0.602139 1.78024 164790 164790
0.606502 1.78024 166530 166530
0.610865 1.78024 169200 169200
0.615229 1.78024 172810 172810
0.619592 1.78024 177050 177050
0.623955 1.78024 181410 181410
0.628319 1.78024 185340 185340
0.632682 1.78024 188480 188480
0.637045 1.78024 190670 190670
0.641409 1.78024 191630 191630
0.645772 1.78024 190870 190870
0.650135 1.78024 187900 187900
0.654498 1.78024 182690 182690
0.658862 1.78024 175810 175810
0.663225 1.78024 168430 168430
0.667588 1.78024 161570 161570
0.671952 1.78024 155700 155700
0.676315 1.78024 150920 150920
0.680678 1.78024 147270 147270
0.685042 1.78024 144750 144750
0.689405 1.78024 143210 143210
0.693768 1.78024 142190 142190
0.698132 1.78024 141100 141100
0.702495 1.78024 139560 139560
0.706858 1.78024 137610 137610
0.711222 1.78024 135350 135350
0.715585 1.78024 132400 132400
0.719948 1.78024 127910 127910
0.724312 1.78024 120960 120960
0.728675 1.78024 111430 111430
0.733038 1.78024 100540 100540
0.436332 1.7846 177890  77890
0.440696 1.7846 177970  77970
0.445059 1.7846 178480  78480
0.449422 1.7846 179530  79530
0.453786 1.7846 181070  81070
0.458149 1.7846 182830  82830
0.462512 1.7846 184480  84480
0.466876 1.7846 185690  85690
0.471239 1.7846 186240  86240
0.475602 1.7846 186010  86010
0.479966 1.7846 184900  84900
0.484329 1.7846 182890  82890
0.488692 1.7846 180100  80100
0.493056 1.7846 176900  76900
0.497419 1.7846 173920  73920
0.501782 1.7846 171700  71700
0.506145 1.7846 170460  70460
0.510509 1.7846 170080  70080
0.514872 1.7846 170400  70400
0.519235 1.7846 171240  71240
0.523599 1.7846 172430  72430
0.527962 1.7846 173830  73830
0.532325 1.7846 175200  75200
0.536689 1.7846 176360  76360
0.541052 1.7846 177150  77150
0.545415 1.7846 177470  77470
0.549779 1.7846 177200  77200
0.554142 1.7846 176320  76320
0.558505 1.7846 174830  74830
0.562869 1.7846 172900  72900
0.567232 1.7846 170760  70760
0.571595 1.7846 168700  68700
0.575959 1.7846 166910  66910
0.580322 1.7846 165490  65490
0.584685 1.7846 164500  64500
0.589049 1.7846 163970  63970
0.593412 1.7846 163920  63920
0.597775 1.7846 164410  64410
0.602139 1.7846 165530  65530
0.606502 1.7846 167450  67450
0.610865 1.7846 170350  70350
0.615229 1.7846 174200  74200
0.619592 1.7846 178600  78600
0.623955 1.7846 182990  82990
0.628319 1.7846 186880  86880
0.632682 1.7846 190000  90000
0.637045 1.7846 192300  92300
0.641409 1.7846 193660  93660
0.645772 1.7846 193790  93790
0.650135 1.7846 192280  92280
0.654498 1.7846 188940  88940
0.658862 1.7846 184020  84020
0.663225 1.7846 178410  78410
0.667588 1.7846 173030  73030
0.671952 1.7846 168440  68440
0.676315 1.7846 164780  64780
0.680678 1.7846 162020  62020
0.685042 1.7846 159960  59960
0.689405 1.7846 158250  58250
0.693768 1.7846 156290  56290
0.698132 1.7846 153440  53440
0.702495 1.7846 149610  49610
0.706858 1.7846 145470  45470
0.711222 1.7846 141720  41720
0.715585 1.7846 138020  38020
0.719948 1.7846 133230  33230
0.724312 1.7846 126130  26130
0.728675 1.7846 116360  16360
0.733038 1.7846 105000  05000
0.436332 1.78896 178460 178460
0.440696 1.78896 178730 178730
0.445059 1.78896 179420 179420
0.449422 1.78896 180600 180600
0.453786 1.78896 182210 182210
0.458149 1.78896 183980 183980
0.462512 1.78896 185600 185600
0.466876 1.78896 186770 186770
0.471239 1.78896 187300 187300
0.475602 1.78896 187050 187050
0.479966 1.78896 185940 185940
0.484329 1.78896 183920 183920
0.488692 1.78896 181060 181060
0.493056 1.78896 177780 177780
0.497419 1.78896 174760 174760
0.501782 1.78896 172660 172660
0.506145 1.78896 171700 171700
0.510509 1.78896 171780 171780
0.514872 1.78896 172620 172620
0.519235 1.78896 173960 173960
0.523599 1.78896 175570 175570
0.527962 1.78896 177230 177230
0.532325 1.78896 178680 178680
0.536689 1.78896 179750 179750
0.541052 1.78896 180330 180330
0.545415 1.78896 180360 180360
0.549779 1.78896 179790 179790
0.554142 1.78896 178600 178600
0.558505 1.78896 176800 176800
0.562869 1.78896 174540 174540
0.567232 1.78896 172120 172120
0.571595 1.78896 169840 169840
0.575959 1.78896 167900 167900
0.580322 1.78896 166410 166410
0.584685 1.78896 165410 165410
0.589049 1.78896 164910 164910
0.593412 1.78896 164930 164930
0.597775 1.78896 165540 165540
0.602139 1.78896 166820 166820
0.606502 1.78896 168930 168930
0.610865 1.78896 172030 172030
0.615229 1.78896 176030 176030
0.619592 1.78896 180470 180470
0.623955 1.78896 184760 184760
0.628319 1.78896 188480 188480
0.632682 1.78896 191460 191460
0.637045 1.78896 193740 193740
0.641409 1.78896 195310 195310
0.645772 1.78896 196060 196060
0.650135 1.78896 195700 195700
0.654498 1.78896 193990 193990
0.658862 1.78896 191020 191020
0.663225 1.78896 187350 187350
0.667588 1.78896 183700 183700
0.671952 1.78896 180550 180550
0.676315 1.78896 178080 178080
0.680678 1.78896 176160 176160
0.685042 1.78896 174500 174500
0.689405 1.78896 172620 172620
0.693768 1.78896 169840 169840
0.698132 1.78896 165510 165510
0.702495 1.78896 159650 159650
0.706858 1.78896 153320 153320
0.711222 1.78896 147660 147660
0.715585 1.78896 142630 142630
0.719948 1.78896 137130 137130
0.724312 1.78896 129810 129810
0.728675 1.78896 120100 120100
0.733038 1.78896 108950 108950
0.436332 1.79333 178910 178910
0.440696 1.79333 179320 179320
0.445059 1.79333 180120 180120
0.449422 1.79333 181390 181390
0.453786 1.79333 183020 183020
0.458149 1.79333 184780 184780
0.462512 1.79333 186380 186380
0.466876 1.79333 187540 187540
0.471239 1.79333 188080 188080
0.475602 1.79333 187880 187880
0.479966 1.79333 186840 186840
0.484329 1.79333 184900 184900
0.488692 1.79333 182110 182110
0.493056 1.79333 178870 178870
0.497419 1.79333 175940 175940
0.501782 1.79333 174020 174020
0.506145 1.79333 173400 173400
0.510509 1.79333 173950 173950
0.514872 1.79333 175310 175310
0.519235 1.79333 177110 177110
0.523599 1.79333 178990 178990
0.527962 1.79333 180700 180700
0.532325 1.79333 182040 182040
0.536689 1.79333 182880 182880
0.541052 1.79333 183190 183190
0.545415 1.79333 182960 182960
0.549779 1.79333 182160 182160
0.554142 1.79333 180760 180760
0.558505 1.79333 178770 178770
0.562869 1.79333 176340 176340
0.567232 1.79333 173740 173740
0.571595 1.79333 171320 171320
0.575959 1.79333 169300 169300
0.580322 1.79333 167790 167790
0.584685 1.79333 166840 166840
0.589049 1.79333 166420 166420
0.593412 1.79333 166580 166580
0.597775 1.79333 167370 167370
0.602139 1.79333 168860 168860
0.606502 1.79333 171180 171180
0.610865 1.79333 174420 174420
0.615229 1.79333 178440 178440
0.619592 1.79333 182730 182730
0.623955 1.79333 186750 186750
0.628319 1.79333 190170 190170
0.632682 1.79333 192910 192910
0.637045 1.79333 195060 195060
0.641409 1.79333 196700 196700
0.645772 1.79333 197800 197800
0.650135 1.79333 198210 198210
0.654498 1.79333 197680 197680
0.658862 1.79333 196180 196180
0.663225 1.79333 194010 194010
0.667588 1.79333 191670 191670
0.671952 1.79333 189530 189530
0.676315 1.79333 187770 187770
0.680678 1.79333 186280 186280
0.685042 1.79333 184780 184780
0.689405 1.79333 182810 182810
0.693768 1.79333 179750 179750
0.698132 1.79333 174950 174950
0.702495 1.79333 168290 168290
0.706858 1.79333 160620 160620
0.711222 1.79333 153110 153110
0.715585 1.79333 146350 146350
0.719948 1.79333 139820 139820
0.724312 1.79333 132220 132220
0.728675 1.79333 122740 122740
0.733038 1.79333 112140 112140
0.436332 1.79769 179330 179330
0.440696 1.79769 179820 179820
0.445059 1.79769 180670 180670
0.449422 1.79769 181960 181960
0.453786 1.79769 183590 183590
0.458149 1.79769 185330 185330
0.462512 1.79769 186910 186910
0.466876 1.79769 188090 188090
0.471239 1.79769 188680 188680
0.475602 1.79769 188580 188580
0.479966 1.79769 187690 187690
0.484329 1.79769 185940 185940
0.488692 1.79769 183380 183380
0.493056 1.79769 180380 180380
0.497419 1.79769 177710 177710
0.501782 1.79769 176080 176080
0.506145 1.79769 175820 175820
0.510509 1.79769 176760 176760
0.514872 1.79769 178500 178500
0.519235 1.79769 180540 180540
0.523599 1.79769 182470 182470
0.527962 1.79769 184020 184020
0.532325 1.79769 185090 185090
0.536689 1.79769 185640 185640
0.541052 1.79769 185680 185680
0.545415 1.79769 185240 185240
0.549779 1.79769 184280 184280
0.554142 1.79769 182790 182790
0.558505 1.79769 180760 180760
0.562869 1.79769 178290 178290
0.567232 1.79769 175650 175650
0.571595 1.79769 173180 173180
0.575959 1.79769 171140 171140
0.580322 1.79769 169680 169680
0.584685 1.79769 168830 168830
0.589049 1.79769 168590 168590
0.593412 1.79769 168980 168980
0.597775 1.79769 170050 170050
0.602139 1.79769 171830 171830
0.606502 1.79769 174360 174360
0.610865 1.79769 177630 177630
0.615229 1.79769 181440 181440
0.619592 1.79769 185360 185360
0.623955 1.79769 188930 188930
0.628319 1.79769 191920 191920
0.632682 1.79769 194350 194350
0.637045 1.79769 196310 196310
0.641409 1.79769 197910 197910
0.645772 1.79769 199180 199180
0.650135 1.79769 200020 200020
0.654498 1.79769 200200 200200
0.658862 1.79769 199610 199610
0.663225 1.79769 198360 198360
0.667588 1.79769 196750 196750
0.671952 1.79769 195080 195080
0.676315 1.79769 193530 193530
0.680678 1.79769 192060 192060
0.685042 1.79769 190470 190470
0.689405 1.79769 188450 188450
0.693768 1.79769 185450 185450
0.698132 1.79769 180840 180840
0.702495 1.79769 174280 174280
0.706858 1.79769 166080 166080
0.711222 1.79769 157230 157230
0.715585 1.79769 148930 148930
0.719948 1.79769 141430 141430
0.724312 1.79769 133580 133580
0.728675 1.79769 124380 124380
0.733038 1.79769 114420 114420
0.436332 1.80205 179780 179780
0.440696 1.80205 180290 180290
0.445059 1.80205 181150 181150
0.449422 1.80205 182420 182420
0.453786 1.80205 184010 184010
0.458149 1.80205 185720 185720
0.462512 1.80205 187300 187300
0.466876 1.80205 188510 188510
0.471239 1.80205 189190 189190
0.475602 1.80205 189230 189230
0.479966 1.80205 188550 188550
0.484329 1.80205 187100 187100
0.488692 1.80205 184950 184950
0.493056 1.80205 182430 182430
0.497419 1.80205 180230 180230
0.501782 1.80205 179010 179010
0.506145 1.80205 179050 179050
0.510509 1.80205 180220 180220
0.514872 1.80205 182050 182050
0.519235 1.80205 184020 184020
0.523599 1.80205 185730 185730
0.527962 1.80205 186980 186980
0.532325 1.80205 187720 187720
0.536689 1.80205 187980 187980
0.541052 1.80205 187800 187800
0.545415 1.80205 187190 187190
0.549779 1.80205 186140 186140
0.554142 1.80205 184650 184650
0.558505 1.80205 182690 182690
0.562869 1.80205 180340 180340
0.567232 1.80205 177810 177810
0.571595 1.80205 175410 175410
0.575959 1.80205 173430 173430
0.580322 1.80205 172090 172090
0.584685 1.80205 171430 171430
0.589049 1.80205 171440 171440
0.593412 1.80205 172160 172160
0.597775 1.80205 173590 173590
0.602139 1.80205 175680 175680
0.606502 1.80205 178350 178350
0.610865 1.80205 181480 181480
0.615229 1.80205 184870 184870
0.619592 1.80205 188190 188190
0.623955 1.80205 191170 191170
0.628319 1.80205 193680 193680
0.632682 1.80205 195750 195750
0.637045 1.80205 197500 197500
0.641409 1.80205 199010 199010
0.645772 1.80205 200320 200320
0.650135 1.80205 201340 201340
0.654498 1.80205 201900 201900
0.658862 1.80205 201830 201830
0.663225 1.80205 201110 201110
0.667588 1.80205 199890 199890
0.671952 1.80205 198380 198380
0.676315 1.80205 196780 196780
0.680678 1.80205 195120 195120
0.685042 1.80205 193320 193320
0.689405 1.80205 191120 191120
0.693768 1.80205 188080 188080
0.698132 1.80205 183580 183580
0.702495 1.80205 177130 177130
0.706858 1.80205 168710 168710
0.711222 1.80205 159190 159190
0.715585 1.80205 150070 150070
0.719948 1.80205 142020 142020
0.724312 1.80205 134050 134050
0.728675 1.80205 125130 125130
0.733038 1.80205 115820 115820
0.436332 1.80642 180300 180300
0.440696 1.80642 180810 180810
0.445059 1.80642 181640 181640
0.449422 1.80642 182860 182860
0.453786 1.80642 184400 184400
0.458149 1.80642 186080 186080
0.462512 1.80642 187660 187660
0.466876 1.80642 188920 188920
0.471239 1.80642 189700 189700
0.475602 1.80642 189920 189920
0.479966 1.80642 189510 189510
0.484329 1.80642 188470 188470
0.488692 1.80642 186860 186860
0.493056 1.80642 184980 184980
0.497419 1.80642 183400 183400
0.501782 1.80642 182620 182620
0.506145 1.80642 182890 182890
0.510509 1.80642 184050 184050
0.514872 1.80642 185680 185680
0.519235 1.80642 187300 187300
0.523599 1.80642 188620 188620
0.527962 1.80642 189490 189490
0.532325 1.80642 189910 189910
0.536689 1.80642 189920 189920
0.541052 1.80642 189550 189550
0.545415 1.80642 188820 188820
0.549779 1.80642 187710 187710
0.554142 1.80642 186250 186250
0.558505 1.80642 184440 184440
0.562869 1.80642 182310 182310
0.567232 1.80642 180030 180030
0.571595 1.80642 177850 177850
0.575959 1.80642 176090 176090
0.580322 1.80642 174980 174980
0.584685 1.80642 174600 174600
0.589049 1.80642 174930 174930
0.593412 1.80642 175970 175970
0.597775 1.80642 177710 177710
0.602139 1.80642 180010 180010
0.606502 1.80642 182660 182660
0.610865 1.80642 185490 185490
0.615229 1.80642 188320 188320
0.619592 1.80642 190980 190980
0.623955 1.80642 193340 193340
0.628319 1.80642 195370 195370
0.632682 1.80642 197120 197120
0.637045 1.80642 198650 198650
0.641409 1.80642 200030 200030
0.645772 1.80642 201280 201280
0.650135 1.80642 202340 202340
0.654498 1.80642 203070 203070
0.658862 1.80642 203300 203300
0.663225 1.80642 202940 202940
0.667588 1.80642 201980 201980
0.671952 1.80642 200560 200560
0.676315 1.80642 198840 198840
0.680678 1.80642 196920 196920
0.685042 1.80642 194800 194800
0.689405 1.80642 192250 192250
0.693768 1.80642 188860 188860
0.698132 1.80642 184020 184020
0.702495 1.80642 177270 177270
0.706858 1.80642 168660 168660
0.711222 1.80642 159030 159030
0.715585 1.80642 149840 149840
0.719948 1.80642 141740 141740
0.724312 1.80642 133840 133840
0.728675 1.80642 125250 125250
0.733038 1.80642 116580 116580
0.436332 1.81078 180900 180900
0.440696 1.81078 181390 181390
0.445059 1.81078 182190 182190
0.449422 1.81078 183360 183360
0.453786 1.81078 184850 184850
0.458149 1.81078 186490 186490
0.462512 1.81078 188080 188080
0.466876 1.81078 189390 189390
0.471239 1.81078 190300 190300
0.475602 1.81078 190720 190720
0.479966 1.81078 190640 190640
0.484329 1.81078 190050 190050
0.488692 1.81078 189050 189050
0.493056 1.81078 187880 187880
0.497419 1.81078 186920 186920
0.501782 1.81078 186560 186560
0.506145 1.81078 186920 186920
0.510509 1.81078 187870 187870
0.514872 1.81078 189090 189090
0.519235 1.81078 190230 190230
0.523599 1.81078 191080 191080
0.527962 1.81078 191560 191560
0.532325 1.81078 191690 191690
0.536689 1.81078 191480 191480
0.541052 1.81078 190960 190960
0.545415 1.81078 190120 190120
0.549779 1.81078 188970 188970
0.554142 1.81078 187550 187550
0.558505 1.81078 185890 185890
0.562869 1.81078 184030 184030
0.567232 1.81078 182090 182090
0.571595 1.81078 180280 180280
0.575959 1.81078 178880 178880
0.580322 1.81078 178120 178120
0.584685 1.81078 178080 178080
0.589049 1.81078 178740 178740
0.593412 1.81078 180040 180040
0.597775 1.81078 181920 181920
0.602139 1.81078 184190 184190
0.606502 1.81078 186630 186630
0.610865 1.81078 189080 189080
0.615229 1.81078 191380 191380
0.619592 1.81078 193470 193470
0.623955 1.81078 195320 195320
0.628319 1.81078 196960 196960
0.632682 1.81078 198420 198420
0.637045 1.81078 199750 199750
0.641409 1.81078 200980 200980
0.645772 1.81078 202120 202120
0.650135 1.81078 203130 203130
0.654498 1.81078 203910 203910
0.658862 1.81078 204330 204330
0.663225 1.81078 204240 204240
0.667588 1.81078 203540 203540
0.671952 1.81078 202220 202220
0.676315 1.81078 200370 200370
0.680678 1.81078 198150 198150
0.685042 1.81078 195600 195600
0.689405 1.81078 192520 192520
0.693768 1.81078 188440 188440
0.698132 1.81078 182850 182850
0.702495 1.81078 175470 175470
0.706858 1.81078 166650 166650
0.711222 1.81078 157330 157330
0.715585 1.81078 148630 148630
0.719948 1.81078 140880 140880
0.724312 1.81078 133250 133250
0.728675 1.81078 125070 125070
0.733038 1.81078 117040 117040
0.436332 1.81514 181600 181600
0.440696 1.81514 182080 182080
0.445059 1.81514 182860 182860
0.449422 1.81514 183990 183990
0.453786 1.81514 185430 185430
0.458149 1.81514 187040 187040
0.462512 1.81514 188620 188620
0.466876 1.81514 189990 189990
0.471239 1.81514 191030 191030
0.475602 1.81514 191670 191670
0.479966 1.81514 191920 191920
0.484329 1.81514 191800 191800
0.488692 1.81514 191390 191390
0.493056 1.81514 190870 190870
0.497419 1.81514 190470 190470
0.501782 1.81514 190400 190400
0.506145 1.81514 190740 190740
0.510509 1.81514 191370 191370
0.514872 1.81514 192110 192110
0.519235 1.81514 192740 192740
0.523599 1.81514 193130 193130
0.527962 1.81514 193250 193250
0.532325 1.81514 193100 193100
0.536689 1.81514 192700 192700
0.541052 1.81514 192030 192030
0.545415 1.81514 191090 191090
0.549779 1.81514 189900 189900
0.554142 1.81514 188510 188510
0.558505 1.81514 186970 186970
0.562869 1.81514 185340 185340
0.567232 1.81514 183750 183750
0.571595 1.81514 182350 182350
0.575959 1.81514 181380 181380
0.580322 1.81514 181010 181010
0.584685 1.81514 181310 181310
0.589049 1.81514 182250 182250
0.593412 1.81514 183710 183710
0.597775 1.81514 185580 185580
0.602139 1.81514 187680 187680
0.606502 1.81514 189850 189850
0.610865 1.81514 191930 191930
0.615229 1.81514 193830 193830
0.619592 1.81514 195530 195530
0.623955 1.81514 197060 197060
0.628319 1.81514 198420 198420
0.632682 1.81514 199670 199670
0.637045 1.81514 200810 200810
0.641409 1.81514 201870 201870
0.645772 1.81514 202870 202870
0.650135 1.81514 203790 203790
0.654498 1.81514 204570 204570
0.658862 1.81514 205110 205110
0.663225 1.81514 205240 205240
0.667588 1.81514 204780 204780
0.671952 1.81514 203570 203570
0.676315 1.81514 201590 201590
0.680678 1.81514 199020 199020
0.685042 1.81514 195930 195930
0.689405 1.81514 192070 192070
0.693768 1.81514 187010 187010
0.698132 1.81514 180390 180390
0.702495 1.81514 172280 172280
0.706858 1.81514 163400 163400
0.711222 1.81514 154700 154700
0.715585 1.81514 146840 146840
0.719948 1.81514 139710 139710
0.724312 1.81514 132530 132530
0.728675 1.81514 124890 124890
0.733038 1.81514 117530 117530
0.436332 1.81951 182390 182390
0.440696 1.81951 182880 182880
0.445059 1.81951 183650 183650
0.449422 1.81951 184760 184760
0.453786 1.81951 186160 186160
0.458149 1.81951 187740 187740
0.462512 1.81951 189330 189330
0.466876 1.81951 190760 190760
0.471239 1.81951 191920 191920
0.475602 1.81951 192770 192770
0.479966 1.81951 193320 193320
0.484329 1.81951 193620 193620
0.488692 1.81951 193720 193720
0.493056 1.81951 193730 193730
0.497419 1.81951 193750 193750
0.501782 1.81951 193870 193870
0.506145 1.81951 194110 194110
0.510509 1.81951 194410 194410
0.514872 1.81951 194690 194690
0.519235 1.81951 194850 194850
0.523599 1.81951 194830 194830
0.527962 1.81951 194620 194620
0.532325 1.81951 194210 194210
0.536689 1.81951 193610 193610
0.541052 1.81951 192790 192790
0.545415 1.81951 191740 191740
0.549779 1.81951 190490 190490
0.554142 1.81951 189080 189080
0.558505 1.81951 187600 187600
0.562869 1.81951 186140 186140
0.567232 1.81951 184820 184820
0.571595 1.81951 183770 183770
0.575959 1.81951 183170 183170
0.580322 1.81951 183150 183150
0.584685 1.81951 183740 183740
0.589049 1.81951 184870 184870
0.593412 1.81951 186430 186430
0.597775 1.81951 188250 188250
0.602139 1.81951 190190 190190
0.606502 1.81951 192130 192130
0.610865 1.81951 193970 193970
0.615229 1.81951 195640 195640
0.619592 1.81951 197150 197150
0.623955 1.81951 198500 198500
0.628319 1.81951 199710 199710
0.632682 1.81951 200800 200800
0.637045 1.81951 201770 201770
0.641409 1.81951 202670 202670
0.645772 1.81951 203530 203530
0.650135 1.81951 204370 204370
0.654498 1.81951 205150 205150
0.658862 1.81951 205760 205760
0.663225 1.81951 206040 206040
0.667588 1.81951 205740 205740
0.671952 1.81951 204590 204590
0.676315 1.81951 202480 202480
0.680678 1.81951 199490 199490
0.685042 1.81951 195680 195680
0.689405 1.81951 190800 190800
0.693768 1.81951 184500 184500
0.698132 1.81951 176790 176790
0.702495 1.81951 168130 168130
0.706858 1.81951 159470 159470
0.711222 1.81951 151650 151650
0.715585 1.81951 144820 144820
0.719948 1.81951 138470 138470
0.724312 1.81951 131890 131890
0.728675 1.81951 124900 124900
0.733038 1.81951 118260 118260
0.436332 1.82387 183260 183260
0.440696 1.82387 183780 183780
0.445059 1.82387 184560 184560
0.449422 1.82387 185660 185660
0.453786 1.82387 187040 187040
0.458149 1.82387 188590 188590
0.462512 1.82387 190180 190180
0.466876 1.82387 191650 191650
0.471239 1.82387 192920 192920
0.475602 1.82387 193960 193960
0.479966 1.82387 194770 194770
0.484329 1.82387 195400 195400
0.488692 1.82387 195910 195910
0.493056 1.82387 196310 196310
0.497419 1.82387 196630 196630
0.501782 1.82387 196860 196860
0.506145 1.82387 196980 196980
0.510509 1.82387 196980 196980
0.514872 1.82387 196870 196870
0.519235 1.82387 196620 196620
0.523599 1.82387 196250 196250
0.527962 1.82387 195730 195730
0.532325 1.82387 195070 195070
0.536689 1.82387 194250 194250
0.541052 1.82387 193240 193240
0.545415 1.82387 192040 192040
0.549779 1.82387 190680 190680
0.554142 1.82387 189190 189190
0.558505 1.82387 187680 187680
0.562869 1.82387 186280 186280
0.567232 1.82387 185100 185100
0.571595 1.82387 184290 184290
0.575959 1.82387 183970 183970
0.580322 1.82387 184220 184220
0.584685 1.82387 185020 185020
0.589049 1.82387 186300 186300
0.593412 1.82387 187920 187920
0.597775 1.82387 189730 189730
0.602139 1.82387 191610 191610
0.606502 1.82387 193460 193460
0.610865 1.82387 195210 195210
0.615229 1.82387 196810 196810
0.619592 1.82387 198260 198260
0.623955 1.82387 199560 199560
0.628319 1.82387 200700 200700
0.632682 1.82387 201670 201670
0.637045 1.82387 202510 202510
0.641409 1.82387 203280 203280
0.645772 1.82387 204030 204030
0.650135 1.82387 204800 204800
0.654498 1.82387 205570 205570
0.658862 1.82387 206220 206220
0.663225 1.82387 206580 206580
0.667588 1.82387 206360 206360
0.671952 1.82387 205210 205210
0.676315 1.82387 202890 202890
0.680678 1.82387 199360 199360
0.685042 1.82387 194590 194590
0.689405 1.82387 188450 188450
0.693768 1.82387 180920 180920
0.698132 1.82387 172370 172370
0.702495 1.82387 163570 163570
0.706858 1.82387 155480 155480
0.711222 1.82387 148650 148650
0.715585 1.82387 142840 142840
0.719948 1.82387 137310 137310
0.724312 1.82387 131440 131440
0.728675 1.82387 125220 125220
0.733038 1.82387 119330 119330
0.436332 1.82823 184170 184170
0.440696 1.82823 184730 184730
0.445059 1.82823 185540 185540
0.449422 1.82823 186640 186640
0.453786 1.82823 188010 188010
0.458149 1.82823 189550 189550
0.462512 1.82823 191130 191130
0.466876 1.82823 192630 192630
0.471239 1.82823 193990 193990
0.475602 1.82823 195160 195160
0.479966 1.82823 196180 196180
0.484329 1.82823 197090 197090
0.488692 1.82823 197900 197900
0.493056 1.82823 198610 198610
0.497419 1.82823 199150 199150
0.501782 1.82823 199440 199440
0.506145 1.82823 199450 199450
0.510509 1.82823 199200 199200
0.514872 1.82823 198740 198740
0.519235 1.82823 198140 198140
0.523599 1.82823 197430 197430
0.527962 1.82823 196630 196630
0.532325 1.82823 195700 195700
0.536689 1.82823 194630 194630
0.541052 1.82823 193390 193390
0.545415 1.82823 191950 191950
0.549779 1.82823 190350 190350
0.554142 1.82823 188640 188640
0.558505 1.82823 186960 186960
0.562869 1.82823 185470 185470
0.567232 1.82823 184320 184320
0.571595 1.82823 183640 183640
0.575959 1.82823 183490 183490
0.580322 1.82823 183890 183890
0.584685 1.82823 184820 184820
0.589049 1.82823 186180 186180
0.593412 1.82823 187870 187870
0.597775 1.82823 189740 189740
0.602139 1.82823 191700 191700
0.606502 1.82823 193630 193630
0.610865 1.82823 195470 195470
0.615229 1.82823 197180 197180
0.619592 1.82823 198710 198710
0.623955 1.82823 200050 200050
0.628319 1.82823 201170 201170
0.632682 1.82823 202080 202080
0.637045 1.82823 202830 202830
0.641409 1.82823 203490 203490
0.645772 1.82823 204160 204160
0.650135 1.82823 204890 204890
0.654498 1.82823 205640 205640
0.658862 1.82823 206290 206290
0.663225 1.82823 206660 206660
0.667588 1.82823 206420 206420
0.671952 1.82823 205200 205200
0.676315 1.82823 202600 202600
0.680678 1.82823 198350 198350
0.685042 1.82823 192390 192390
0.689405 1.82823 184920 184920
0.693768 1.82823 176400 176400
0.698132 1.82823 167520 167520
0.702495 1.82823 159120 159120
0.706858 1.82823 151860 151860
0.711222 1.82823 145990 145990
0.715585 1.82823 141030 141030
0.719948 1.82823 136250 136250
0.724312 1.82823 131150 131150
0.728675 1.82823 125800 125800
0.733038 1.82823 120720 120720
0.436332 1.8326 185060  85060
0.440696 1.8326 185680  85680
0.445059 1.8326 186520  86520
0.449422 1.8326 187650  87650
0.453786 1.8326 189020  89020
0.458149 1.8326 190540  90540
0.462512 1.8326 192110  92110
0.466876 1.8326 193630  93630
0.471239 1.8326 195040  95040
0.475602 1.8326 196330  96330
0.479966 1.8326 197540  97540
0.484329 1.8326 198680  98680
0.488692 1.8326 199760  99760
0.493056 1.8326 200710  00710
0.497419 1.8326 201410  01410
0.501782 1.8326 201740  01740
0.506145 1.8326 201650  01650
0.510509 1.8326 201180  01180
0.514872 1.8326 200410  00410
0.519235 1.8326 199460  99460
0.523599 1.8326 198420  98420
0.527962 1.8326 197320  97320
0.532325 1.8326 196110  96110
0.536689 1.8326 194740  94740
0.541052 1.8326 193160  93160
0.545415 1.8326 191350  91350
0.549779 1.8326 189330  89330
0.554142 1.8326 187180  87180
0.558505 1.8326 185130  85130
0.562869 1.8326 183390  83390
0.567232 1.8326 182140  82140
0.571595 1.8326 181470  81470
0.575959 1.8326 181370  81370
0.580322 1.8326 181790  81790
0.584685 1.8326 182680  82680
0.589049 1.8326 183990  83990
0.593412 1.8326 185670  85670
0.597775 1.8326 187650  87650
0.602139 1.8326 189820  89820
0.606502 1.8326 192060  92060
0.610865 1.8326 194260  94260
0.615229 1.8326 196310  96310
0.619592 1.8326 198120  98120
0.623955 1.8326 199650  99650
0.628319 1.8326 200870  00870
0.632682 1.8326 201790  01790
0.637045 1.8326 202500  02500
0.641409 1.8326 203120  03120
0.645772 1.8326 203750  03750
0.650135 1.8326 204420  04420
0.654498 1.8326 205120  05120
0.658862 1.8326 205710  05710
0.663225 1.8326 205980  05980
0.667588 1.8326 205630  05630
0.671952 1.8326 204250  04250
0.676315 1.8326 201290  01290
0.680678 1.8326 196250  96250
0.685042 1.8326 189060  89060
0.689405 1.8326 180400  80400
0.693768 1.8326 171300  71300
0.698132 1.8326 162630  62630
0.702495 1.8326 155000  55000
0.706858 1.8326 148690  48690
0.711222 1.8326 143630  43630
0.715585 1.8326 139340  39340
0.719948 1.8326 135220  35220
0.724312 1.8326 130920  30920
0.728675 1.8326 126490  26490
0.733038 1.8326 122270  22270
0.436332 1.83696 185890 185890
0.440696 1.83696 186570 186570
0.445059 1.83696 187470 187470
0.449422 1.83696 188620 188620
0.453786 1.83696 190000 190000
0.458149 1.83696 191520 191520
0.462512 1.83696 193080 193080
0.466876 1.83696 194610 194610
0.471239 1.83696 196060 196060
0.475602 1.83696 197460 197460
0.479966 1.83696 198840 198840
0.484329 1.83696 200230 200230
0.488692 1.83696 201560 201560
0.493056 1.83696 202690 202690
0.497419 1.83696 203490 203490
0.501782 1.83696 203830 203830
0.506145 1.83696 203650 203650
0.510509 1.83696 202980 202980
0.514872 1.83696 201920 201920
0.519235 1.83696 200620 200620
0.523599 1.83696 199220 199220
0.527962 1.83696 197780 197780
0.532325 1.83696 196250 196250
0.536689 1.83696 194500 194500
0.541052 1.83696 192450 192450
0.545415 1.83696 190060 190060
0.549779 1.83696 187400 187400
0.554142 1.83696 184640 184640
0.558505 1.83696 182080 182080
0.562869 1.83696 180010 180010
0.567232 1.83696 178590 178590
0.571595 1.83696 177820 177820
0.575959 1.83696 177620 177620
0.580322 1.83696 177860 177860
0.584685 1.83696 178490 178490
0.589049 1.83696 179520 179520
0.593412 1.83696 181020 181020
0.597775 1.83696 183020 183020
0.602139 1.83696 185450 185450
0.606502 1.83696 188170 188170
0.610865 1.83696 190950 190950
0.615229 1.83696 193590 193590
0.619592 1.83696 195960 195960
0.623955 1.83696 197940 197940
0.628319 1.83696 199470 199470
0.632682 1.83696 200590 200590
0.637045 1.83696 201390 201390
0.641409 1.83696 202040 202040
0.645772 1.83696 202650 202650
0.650135 1.83696 203270 203270
0.654498 1.83696 203850 203850
0.658862 1.83696 204290 204290
0.663225 1.83696 204370 204370
0.667588 1.83696 203800 203800
0.671952 1.83696 202130 202130
0.676315 1.83696 198720 198720
0.680678 1.83696 192900 192900
0.685042 1.83696 184710 184710
0.689405 1.83696 175290 175290
0.693768 1.83696 166090 166090
0.698132 1.83696 157990 157990
0.702495 1.83696 151250 151250
0.706858 1.83696 145800 145800
0.711222 1.83696 141370 141370
0.715585 1.83696 137580 137580
0.719948 1.83696 134050 134050
0.724312 1.83696 130550 130550
0.728675 1.83696 127050 127050
0.733038 1.83696 123710 123710
0.436332 1.84132 186620 186620
0.440696 1.84132 187360 187360
0.445059 1.84132 188310 188310
0.449422 1.84132 189500 189500
0.453786 1.84132 190910 190910
0.458149 1.84132 192440 192440
0.462512 1.84132 194010 194010
0.466876 1.84132 195550 195550
0.471239 1.84132 197060 197060
0.475602 1.84132 198580 198580
0.479966 1.84132 200140 200140
0.484329 1.84132 201750 201750
0.488692 1.84132 203270 203270
0.493056 1.84132 204520 204520
0.497419 1.84132 205350 205350
0.501782 1.84132 205660 205660
0.506145 1.84132 205380 205380
0.510509 1.84132 204530 204530
0.514872 1.84132 203200 203200
0.519235 1.84132 201560 201560
0.523599 1.84132 199780 199780
0.527962 1.84132 197980 197980
0.532325 1.84132 196040 196040
0.536689 1.84132 193770 193770
0.541052 1.84132 191050 191050
0.545415 1.84132 187880 187880
0.549779 1.84132 184470 184470
0.554142 1.84132 181120 181120
0.558505 1.84132 178170 178170
0.562869 1.84132 175860 175860
0.567232 1.84132 174270 174270
0.571595 1.84132 173310 173310
0.575959 1.84132 172840 172840
0.580322 1.84132 172710 172710
0.584685 1.84132 172860 172860
0.589049 1.84132 173390 173390
0.593412 1.84132 174470 174470
0.597775 1.84132 176280 176280
0.602139 1.84132 178800 178800
0.606502 1.84132 181860 181860
0.610865 1.84132 185230 185230
0.615229 1.84132 188620 188620
0.619592 1.84132 191810 191810
0.623955 1.84132 194590 194590
0.628319 1.84132 196790 196790
0.632682 1.84132 198360 198360
0.637045 1.84132 199440 199440
0.641409 1.84132 200220 200220
0.645772 1.84132 200870 200870
0.650135 1.84132 201430 201430
0.654498 1.84132 201870 201870
0.658862 1.84132 202110 202110
0.663225 1.84132 201930 201930
0.667588 1.84132 201020 201020
0.671952 1.84132 198880 198880
0.676315 1.84132 194840 194840
0.680678 1.84132 188340 188340
0.685042 1.84132 179610 179610
0.689405 1.84132 170030 170030
0.693768 1.84132 161190 161190
0.698132 1.84132 153780 153780
0.702495 1.84132 147810 147810
0.706858 1.84132 142970 142970
0.711222 1.84132 138960 138960
0.715585 1.84132 135550 135550
0.719948 1.84132 132550 132550
0.724312 1.84132 129800 129800
0.728675 1.84132 127210 127210
0.733038 1.84132 124710 124710
0.436332 1.84569 187230 187230
0.440696 1.84569 188030 188030
0.445059 1.84569 189050 189050
0.449422 1.84569 190290 190290
0.453786 1.84569 191740 191740
0.458149 1.84569 193300 193300
0.462512 1.84569 194900 194900
0.466876 1.84569 196490 196490
0.471239 1.84569 198090 198090
0.475602 1.84569 199740 199740
0.479966 1.84569 201470 201470
0.484329 1.84569 203220 203220
0.488692 1.84569 204820 204820
0.493056 1.84569 206090 206090
0.497419 1.84569 206900 206900
0.501782 1.84569 207140 207140
0.506145 1.84569 206750 206750
0.510509 1.84569 205740 205740
0.514872 1.84569 204160 204160
0.519235 1.84569 202200 202200
0.523599 1.84569 200050 200050
0.527962 1.84569 197800 197800
0.532325 1.84569 195320 195320
0.536689 1.84569 192350 192350
0.541052 1.84569 188780 188780
0.545415 1.84569 184740 184740
0.549779 1.84569 180670 180670
0.554142 1.84569 177000 177000
0.558505 1.84569 173960 173960
0.562869 1.84569 171620 171620
0.567232 1.84569 169890 169890
0.571595 1.84569 168670 168670
0.575959 1.84569 167780 167780
0.580322 1.84569 167120 167120
0.584685 1.84569 166660 166660
0.589049 1.84569 166560 166560
0.593412 1.84569 167090 167090
0.597775 1.84569 168470 168470
0.602139 1.84569 170790 170790
0.606502 1.84569 173950 173950
0.610865 1.84569 177710 177710
0.615229 1.84569 181810 181810
0.619592 1.84569 185950 185950
0.623955 1.84569 189770 189770
0.628319 1.84569 192920 192920
0.632682 1.84569 195200 195200
0.637045 1.84569 196720 196720
0.641409 1.84569 197750 197750
0.645772 1.84569 198480 198480
0.650135 1.84569 199000 199000
0.654498 1.84569 199310 199310
0.658862 1.84569 199330 199330
0.663225 1.84569 198870 198870
0.667588 1.84569 197540 197540
0.671952 1.84569 194750 194750
0.676315 1.84569 189910 189910
0.680678 1.84569 182820 182820
0.685042 1.84569 174060 174060
0.689405 1.84569 164940 164940
0.693768 1.84569 156750 156750
0.698132 1.84569 149980 149980
0.702495 1.84569 144490 144490
0.706858 1.84569 139960 139960
0.711222 1.84569 136170 136170
0.715585 1.84569 133040 133040
0.719948 1.84569 130500 130500
0.724312 1.84569 128440 128440
0.728675 1.84569 126670 126670
0.733038 1.84569 124980 124980
0.436332 1.85005 187720 187720
0.440696 1.85005 188610 188610
0.445059 1.85005 189700 189700
0.449422 1.85005 191030 191030
0.453786 1.85005 192560 192560
0.458149 1.85005 194190 194190
0.462512 1.85005 195850 195850
0.466876 1.85005 197500 197500
0.471239 1.85005 199190 199190
0.475602 1.85005 200960 200960
0.479966 1.85005 202800 202800
0.484329 1.85005 204580 204580
0.488692 1.85005 206160 206160
0.493056 1.85005 207370 207370
0.497419 1.85005 208080 208080
0.501782 1.85005 208220 208220
0.506145 1.85005 207710 207710
0.510509 1.85005 206530 206530
0.514872 1.85005 204730 204730
0.519235 1.85005 202460 202460
0.523599 1.85005 199890 199890
0.527962 1.85005 197090 197090
0.532325 1.85005 193850 193850
0.536689 1.85005 190000 190000
0.541052 1.85005 185550 185550
0.545415 1.85005 180870 180870
0.549779 1.85005 176490 176490
0.554142 1.85005 172830 172830
0.558505 1.85005 169930 169930
0.562869 1.85005 167620 167620
0.567232 1.85005 165750 165750
0.571595 1.85005 164180 164180
0.575959 1.85005 162790 162790
0.580322 1.85005 161520 161520
0.584685 1.85005 160440 160440
0.589049 1.85005 159770 159770
0.593412 1.85005 159790 159790
0.597775 1.85005 160770 160770
0.602139 1.85005 162840 162840
0.606502 1.85005 165980 165980
0.610865 1.85005 170000 170000
0.615229 1.85005 174650 174650
0.619592 1.85005 179580 179580
0.623955 1.85005 184330 184330
0.628319 1.85005 188360 188360
0.632682 1.85005 191350 191350
0.637045 1.85005 193360 193360
0.641409 1.85005 194680 194680
0.645772 1.85005 195550 195550
0.650135 1.85005 196070 196070
0.654498 1.85005 196260 196260
0.658862 1.85005 196070 196070
0.663225 1.85005 195300 195300
0.667588 1.85005 193510 193510
0.671952 1.85005 190020 190020
0.676315 1.85005 184410 184410
0.680678 1.85005 176920 176920
0.685042 1.85005 168410 168410
0.689405 1.85005 160010 160010
0.693768 1.85005 152560 152560
0.698132 1.85005 146290 146290
0.702495 1.85005 141020 141020
0.706858 1.85005 136540 136540
0.711222 1.85005 132800 132800
0.715585 1.85005 129860 129860
0.719948 1.85005 127730 127730
0.724312 1.85005 126280 126280
0.728675 1.85005 125250 125250
0.733038 1.85005 124300 124300
0.436332 1.85441 188150 188150
0.440696 1.85441 189160 189160
0.445059 1.85441 190390 190390
0.449422 1.85441 191870 191870
0.453786 1.85441 193520 193520
0.458149 1.85441 195250 195250
0.462512 1.85441 196970 196970
0.466876 1.85441 198670 198670
0.471239 1.85441 200410 200410
0.475602 1.85441 202230 202230
0.479966 1.85441 204070 204070
0.484329 1.85441 205800 205800
0.488692 1.85441 207260 207260
0.493056 1.85441 208340 208340
0.497419 1.85441 208920 208920
0.501782 1.85441 208920 208920
0.506145 1.85441 208260 208260
0.510509 1.85441 206900 206900
0.514872 1.85441 204860 204860
0.519235 1.85441 202230 202230
0.523599 1.85441 199120 199120
0.527962 1.85441 195550 195550
0.532325 1.85441 191370 191370
0.536689 1.85441 186560 186560
0.541052 1.85441 181470 181470
0.545415 1.85441 176630 176630
0.549779 1.85441 172430 172430
0.554142 1.85441 169010 169010
0.558505 1.85441 166250 166250
0.562869 1.85441 163900 163900
0.567232 1.85441 161790 161790
0.571595 1.85441 159820 159820
0.575959 1.85441 157900 157900
0.580322 1.85441 156060 156060
0.584685 1.85441 154460 154460
0.589049 1.85441 153400 153400
0.593412 1.85441 153160 153160
0.597775 1.85441 154000 154000
0.602139 1.85441 156050 156050
0.606502 1.85441 159280 159280
0.610865 1.85441 163540 163540
0.615229 1.85441 168540 168540
0.619592 1.85441 173910 173910
0.623955 1.85441 179140 179140
0.628319 1.85441 183660 183660
0.632682 1.85441 187110 187110
0.637045 1.85441 189510 189510
0.641409 1.85441 191100 191100
0.645772 1.85441 192100 192100
0.650135 1.85441 192640 192640
0.654498 1.85441 192750 192750
0.658862 1.85441 192350 192350
0.663225 1.85441 191220 191220
0.667588 1.85441 188900 188900
0.671952 1.85441 184790 184790
0.676315 1.85441 178640 178640
0.680678 1.85441 171000 171000
0.685042 1.85441 162870 162870
0.689405 1.85441 155150 155150
0.693768 1.85441 148330 148330
0.698132 1.85441 142400 142400
0.702495 1.85441 137170 137170
0.706858 1.85441 132600 132600
0.711222 1.85441 128820 128820
0.715585 1.85441 126010 126010
0.719948 1.85441 124250 124250
0.724312 1.85441 123350 123350
0.728675 1.85441 122970 122970
0.733038 1.85441 122690 122690
0.436332 1.85878 188660 188660
0.440696 1.85878 189860 189860
0.445059 1.85878 191320 191320
0.449422 1.85878 193030 193030
0.453786 1.85878 194860 194860
0.458149 1.85878 196680 196680
0.462512 1.85878 198410 198410
0.466876 1.85878 200080 200080
0.471239 1.85878 201770 201770
0.475602 1.85878 203520 203520
0.479966 1.85878 205260 205260
0.484329 1.85878 206840 206840
0.488692 1.85878 208140 208140
0.493056 1.85878 209040 209040
0.497419 1.85878 209450 209450
0.501782 1.85878 209270 209270
0.506145 1.85878 208420 208420
0.510509 1.85878 206820 206820
0.514872 1.85878 204430 204430
0.519235 1.85878 201280 201280
0.523599 1.85878 197390 197390
0.527962 1.85878 192820 192820
0.532325 1.85878 187650 187650
0.536689 1.85878 182170 182170
0.541052 1.85878 176920 176920
0.545415 1.85878 172370 172370
0.549779 1.85878 168630 168630
0.554142 1.85878 165530 165530
0.558505 1.85878 162830 162830
0.562869 1.85878 160340 160340
0.567232 1.85878 157930 157930
0.571595 1.85878 155540 155540
0.575959 1.85878 153140 153140
0.580322 1.85878 150850 150850
0.584685 1.85878 148930 148930
0.589049 1.85878 147720 147720
0.593412 1.85878 147500 147500
0.597775 1.85878 148480 148480
0.602139 1.85878 150700 150700
0.606502 1.85878 154120 154120
0.610865 1.85878 158560 158560
0.615229 1.85878 163720 163720
0.619592 1.85878 169190 169190
0.623955 1.85878 174470 174470
0.628319 1.85878 179070 179070
0.632682 1.85878 182690 182690
0.637045 1.85878 185300 185300
0.641409 1.85878 187050 187050
0.645772 1.85878 188140 188140
0.650135 1.85878 188680 188680
0.654498 1.85878 188670 188670
0.658862 1.85878 188020 188020
0.663225 1.85878 186460 186460
0.667588 1.85878 183560 183560
0.671952 1.85878 178920 178920
0.676315 1.85878 172510 172510
0.680678 1.85878 165020 165020
0.685042 1.85878 157400 157400
0.689405 1.85878 150320 150320
0.693768 1.85878 143970 143970
0.698132 1.85878 138220 138220
0.702495 1.85878 132920 132920
0.706858 1.85878 128230 128230
0.711222 1.85878 124450 124450
0.715585 1.85878 121830 121830
0.719948 1.85878 120410 120410
0.724312 1.85878 119990 119990
0.728675 1.85878 120160 120160
0.733038 1.85878 120430 120430
0.436332 1.86314 189520 189520
0.440696 1.86314 191020 191020
0.445059 1.86314 192790 192790
0.449422 1.86314 194770 194770
0.453786 1.86314 196760 196760
0.458149 1.86314 198590 198590
0.462512 1.86314 200230 200230
0.466876 1.86314 201750 201750
0.471239 1.86314 203270 203270
0.475602 1.86314 204830 204830
0.479966 1.86314 206350 206350
0.484329 1.86314 207710 207710
0.488692 1.86314 208780 208780
0.493056 1.86314 209470 209470
0.497419 1.86314 209670 209670
0.501782 1.86314 209280 209280
0.506145 1.86314 208170 208170
0.510509 1.86314 206190 206190
0.514872 1.86314 203240 203240
0.519235 1.86314 199250 199250
0.523599 1.86314 194280 194280
0.527962 1.86314 188600 188600
0.532325 1.86314 182700 182700
0.536689 1.86314 177120 177120
0.541052 1.86314 172270 172270
0.545415 1.86314 168280 168280
0.549779 1.86314 164990 164990
0.554142 1.86314 162110 162110
0.558505 1.86314 159420 159420
0.562869 1.86314 156770 156770
0.567232 1.86314 154100 154100
0.571595 1.86314 151370 151370
0.575959 1.86314 148640 148640
0.580322 1.86314 146070 146070
0.584685 1.86314 144030 144030
0.589049 1.86314 142870 142870
0.593412 1.86314 142860 142860
0.597775 1.86314 144080 144080
0.602139 1.86314 146520 146520
0.606502 1.86314 150070 150070
0.610865 1.86314 154560 154560
0.615229 1.86314 159690 159690
0.619592 1.86314 165050 165050
0.623955 1.86314 170130 170130
0.628319 1.86314 174550 174550
0.632682 1.86314 178090 178090
0.637045 1.86314 180710 180710
0.641409 1.86314 182490 182490
0.645772 1.86314 183560 183560
0.650135 1.86314 184000 184000
0.654498 1.86314 183800 183800
0.658862 1.86314 182820 182820
0.663225 1.86314 180770 180770
0.667588 1.86314 177310 177310
0.671952 1.86314 172270 172270
0.676315 1.86314 165880 165880
0.680678 1.86314 158880 158880
0.685042 1.86314 152020 152020
0.689405 1.86314 145620 145620
0.693768 1.86314 139640 139640
0.698132 1.86314 133930 133930
0.702495 1.86314 128530 128530
0.706858 1.86314 123800 123800
0.711222 1.86314 120150 120150
0.715585 1.86314 117810 117810
0.719948 1.86314 116760 116760
0.724312 1.86314 116730 116730
0.728675 1.86314 117300 117300
0.733038 1.86314 117980 117980
0.436332 1.8675 191100  91100
0.440696 1.8675 193000  93000
0.445059 1.8675 195100  95100
0.449422 1.8675 197250  97250
0.453786 1.8675 199240  99240
0.458149 1.8675 200920  00920
0.462512 1.8675 202330  02330
0.466876 1.8675 203590  03590
0.471239 1.8675 204820  04820
0.475602 1.8675 206080  06080
0.479966 1.8675 207300  07300
0.484329 1.8675 208380  08380
0.488692 1.8675 209190  09190
0.493056 1.8675 209630  09630
0.497419 1.8675 209600  09600
0.501782 1.8675 208930  08930
0.506145 1.8675 207410  07410
0.510509 1.8675 204790  04790
0.514872 1.8675 200860  00860
0.519235 1.8675 195620  95620
0.523599 1.8675 189450  89450
0.527962 1.8675 182980  82980
0.532325 1.8675 176930  76930
0.536689 1.8675 171820  71820
0.541052 1.8675 167660  67660
0.545415 1.8675 164240  64240
0.549779 1.8675 161270  61270
0.554142 1.8675 158510  58510
0.558505 1.8675 155810  55810
0.562869 1.8675 153080  53080
0.567232 1.8675 150260  50260
0.571595 1.8675 147360  47360
0.575959 1.8675 144480  44480
0.580322 1.8675 141860  41860
0.584685 1.8675 139880  39880
0.589049 1.8675 138890  38890
0.593412 1.8675 139110  39110
0.597775 1.8675 140560  40560
0.602139 1.8675 143150  43150
0.606502 1.8675 146720  46720
0.610865 1.8675 151100  51100
0.615229 1.8675 156030  56030
0.619592 1.8675 161090  61090
0.623955 1.8675 165810  65810
0.628319 1.8675 169900  69900
0.632682 1.8675 173190  73190
0.637045 1.8675 175630  75630
0.641409 1.8675 177260  77260
0.645772 1.8675 178140  78140
0.650135 1.8675 178340  78340
0.654498 1.8675 177820  77820
0.658862 1.8675 176420  76420
0.663225 1.8675 173910  73910
0.667588 1.8675 170090  70090
0.671952 1.8675 165030  65030
0.676315 1.8675 159090  59090
0.680678 1.8675 152920  52920
0.685042 1.8675 146980  46980
0.689405 1.8675 141270  41270
0.693768 1.8675 135580  35580
0.698132 1.8675 129890  29890
0.702495 1.8675 124480  24480
0.706858 1.8675 119870  19870
0.711222 1.8675 116490  16490
0.715585 1.8675 114510  14510
0.719948 1.8675 113790  13790
0.724312 1.8675 114050  14050
0.728675 1.8675 114890  14890
0.733038 1.8675 115810  15810
0.436332 1.87187 193580 193580
0.440696 1.87187 195910 195910
0.445059 1.87187 198230 198230
0.449422 1.87187 200340 200340
0.453786 1.87187 202100 202100
0.458149 1.87187 203450 203450
0.462512 1.87187 204500 204500
0.466876 1.87187 205400 205400
0.471239 1.87187 206270 206270
0.475602 1.87187 207170 207170
0.479966 1.87187 208050 208050
0.484329 1.87187 208810 208810
0.488692 1.87187 209330 209330
0.493056 1.87187 209500 209500
0.497419 1.87187 209190 209190
0.501782 1.87187 208130 208130
0.506145 1.87187 205930 205930
0.510509 1.87187 202210 202210
0.514872 1.87187 196820 196820
0.519235 1.87187 190100 190100
0.523599 1.87187 182970 182970
0.527962 1.87187 176390 176390
0.532325 1.87187 170910 170910
0.536689 1.87187 166560 166560
0.541052 1.87187 163070 163070
0.545415 1.87187 160060 160060
0.549779 1.87187 157290 157290
0.554142 1.87187 154600 154600
0.558505 1.87187 151930 151930
0.562869 1.87187 149210 149210
0.567232 1.87187 146410 146410
0.571595 1.87187 143540 143540
0.575959 1.87187 140740 140740
0.580322 1.87187 138270 138270
0.584685 1.87187 136480 136480
0.589049 1.87187 135690 135690
0.593412 1.87187 136090 136090
0.597775 1.87187 137670 137670
0.602139 1.87187 140300 140300
0.606502 1.87187 143790 143790
0.610865 1.87187 147940 147940
0.615229 1.87187 152500 152500
0.619592 1.87187 157090 157090
0.623955 1.87187 161330 161330
0.628319 1.87187 164950 164950
0.632682 1.87187 167840 167840
0.637045 1.87187 169940 169940
0.641409 1.87187 171250 171250
0.645772 1.87187 171810 171810
0.650135 1.87187 171640 171640
0.654498 1.87187 170710 170710
0.658862 1.87187 168910 168910
0.663225 1.87187 166130 166130
0.667588 1.87187 162340 162340
0.671952 1.87187 157760 157760
0.676315 1.87187 152760 152760
0.680678 1.87187 147690 147690
0.685042 1.87187 142670 142670
0.689405 1.87187 137510 137510
0.693768 1.87187 132060 132060
0.698132 1.87187 126480 126480
0.702495 1.87187 121260 121260
0.706858 1.87187 116940 116940
0.711222 1.87187 113910 113910
0.715585 1.87187 112240 112240
0.719948 1.87187 111780 111780
0.724312 1.87187 112230 112230
0.728675 1.87187 113220 113220
0.733038 1.87187 114270 114270
0.436332 1.87623 196690 196690
0.440696 1.87623 199320 199320
0.445059 1.87623 201680 201680
0.449422 1.87623 203550 203550
0.453786 1.87623 204910 204910
0.458149 1.87623 205840 205840
0.462512 1.87623 206480 206480
0.466876 1.87623 207000 207000
0.471239 1.87623 207490 207490
0.475602 1.87623 208010 208010
0.479966 1.87623 208520 208520
0.484329 1.87623 208940 208940
0.488692 1.87623 209160 209160
0.493056 1.87623 209050 209050
0.497419 1.87623 208370 208370
0.501782 1.87623 206690 206690
0.506145 1.87623 203340 203340
0.510509 1.87623 197940 197940
0.514872 1.87623 190830 190830
0.519235 1.87623 182960 182960
0.523599 1.87623 175590 175590
0.527962 1.87623 169610 169610
0.532325 1.87623 165020 165020
0.536689 1.87623 161420 161420
0.541052 1.87623 158390 158390
0.545415 1.87623 155630 155630
0.549779 1.87623 153000 153000
0.554142 1.87623 150420 150420
0.558505 1.87623 147850 147850
0.562869 1.87623 145250 145250
0.567232 1.87623 142610 142610
0.571595 1.87623 139960 139960
0.575959 1.87623 137430 137430
0.580322 1.87623 135260 135260
0.584685 1.87623 133760 133760
0.589049 1.87623 133190 133190
0.593412 1.87623 133690 133690
0.597775 1.87623 135280 135280
0.602139 1.87623 137810 137810
0.606502 1.87623 141100 141100
0.610865 1.87623 144910 144910
0.615229 1.87623 148980 148980
0.619592 1.87623 152990 152990
0.623955 1.87623 156630 156630
0.628319 1.87623 159700 159700
0.632682 1.87623 162070 162070
0.637045 1.87623 163720 163720
0.641409 1.87623 164620 164620
0.645772 1.87623 164790 164790
0.650135 1.87623 164260 164260
0.654498 1.87623 163020 163020
0.658862 1.87623 161060 161060
0.663225 1.87623 158360 158360
0.667588 1.87623 155040 155040
0.671952 1.87623 151330 151330
0.676315 1.87623 147490 147490
0.680678 1.87623 143540 143540
0.685042 1.87623 139320 139320
0.689405 1.87623 134610 134610
0.693768 1.87623 129400 129400
0.698132 1.87623 124050 124050
0.702495 1.87623 119130 119130
0.706858 1.87623 115170 115170
0.711222 1.87623 112450 112450
0.715585 1.87623 111010 111010
0.719948 1.87623 110700 110700
0.724312 1.87623 111250 111250
0.728675 1.87623 112310 112310
0.733038 1.87623 113390 113390
0.436332 1.88059 199900 199900
0.440696 1.88059 202580 202580
0.445059 1.88059 204750 204750
0.449422 1.88059 206290 206290
0.453786 1.88059 207240 207240
0.458149 1.88059 207770 207770
0.462512 1.88059 208030 208030
0.466876 1.88059 208190 208190
0.471239 1.88059 208330 208330
0.475602 1.88059 208490 208490
0.479966 1.88059 208650 208650
0.484329 1.88059 208740 208740
0.488692 1.88059 208640 208640
0.493056 1.88059 208150 208150
0.497419 1.88059 206880 206880
0.501782 1.88059 204160 204160
0.506145 1.88059 199160 199160
0.510509 1.88059 191770 191770
0.514872 1.88059 183210 183210
0.519235 1.88059 175090 175090
0.523599 1.88059 168410 168410
0.527962 1.88059 163360 163360
0.532325 1.88059 159540 159540
0.536689 1.88059 156390 156390
0.541052 1.88059 153600 153600
0.545415 1.88059 151000 151000
0.549779 1.88059 148530 148530
0.554142 1.88059 146130 146130
0.558505 1.88059 143740 143740
0.562869 1.88059 141360 141360
0.567232 1.88059 138990 138990
0.571595 1.88059 136670 136670
0.575959 1.88059 134540 134540
0.580322 1.88059 132780 132780
0.584685 1.88059 131610 131610
0.589049 1.88059 131230 131230
0.593412 1.88059 131780 131780
0.597775 1.88059 133250 133250
0.602139 1.88059 135550 135550
0.606502 1.88059 138500 138500
0.610865 1.88059 141870 141870
0.615229 1.88059 145390 145390
0.619592 1.88059 148780 148780
0.623955 1.88059 151810 151810
0.628319 1.88059 154290 154290
0.632682 1.88059 156140 156140
0.637045 1.88059 157310 157310
0.641409 1.88059 157800 157800
0.645772 1.88059 157650 157650
0.650135 1.88059 156910 156910
0.654498 1.88059 155620 155620
0.658862 1.88059 153840 153840
0.663225 1.88059 151630 151630
0.667588 1.88059 149100 149100
0.671952 1.88059 146400 146400
0.676315 1.88059 143600 143600
0.680678 1.88059 140550 140550
0.685042 1.88059 136970 136970
0.689405 1.88059 132690 132690
0.693768 1.88059 127790 127790
0.698132 1.88059 122730 122730
0.702495 1.88059 118120 118120
0.706858 1.88059 114430 114430
0.711222 1.88059 111910 111910
0.715585 1.88059 110580 110580
0.719948 1.88059 110310 110310
0.724312 1.88059 110850 110850
0.728675 1.88059 111870 111870
0.733038 1.88059 112880 112880
0.436332 1.88496 202620 202620
0.440696 1.88496 205160 205160
0.445059 1.88496 207050 207050
0.449422 1.88496 208240 208240
0.453786 1.88496 208840 208840
0.458149 1.88496 209030 209030
0.462512 1.88496 208980 208980
0.466876 1.88496 208830 208830
0.471239 1.88496 208670 208670
0.475602 1.88496 208530 208530
0.479966 1.88496 208380 208380
0.484329 1.88496 208160 208160
0.488692 1.88496 207720 207720
0.493056 1.88496 206680 206680
0.497419 1.88496 204350 204350
0.501782 1.88496 199970 199970
0.506145 1.88496 193100 193100
0.510509 1.88496 184290 184290
0.514872 1.88496 175320 175320
0.519235 1.88496 167880 167880
0.523599 1.88496 162290 162290
0.527962 1.88496 158060 158060
0.532325 1.88496 154630 154630
0.536689 1.88496 151620 151620
0.541052 1.88496 148920 148920
0.545415 1.88496 146460 146460
0.549779 1.88496 144180 144180
0.554142 1.88496 142010 142010
0.558505 1.88496 139880 139880
0.562869 1.88496 137790 137790
0.567232 1.88496 135750 135750
0.571595 1.88496 133830 133830
0.575959 1.88496 132130 132130
0.580322 1.88496 130780 130780
0.584685 1.88496 129930 129930
0.589049 1.88496 129700 129700
0.593412 1.88496 130180 130180
0.597775 1.88496 131420 131420
0.602139 1.88496 133350 133350
0.606502 1.88496 135850 135850
0.610865 1.88496 138710 138710
0.615229 1.88496 141700 141700
0.619592 1.88496 144540 144540
0.623955 1.88496 147030 147030
0.628319 1.88496 149020 149020
0.632682 1.88496 150420 150420
0.637045 1.88496 151220 151220
0.641409 1.88496 151420 151420
0.645772 1.88496 151100 151100
0.650135 1.88496 150350 150350
0.654498 1.88496 149270 149270
0.658862 1.88496 147940 147940
0.663225 1.88496 146420 146420
0.667588 1.88496 144760 144760
0.671952 1.88496 142980 142980
0.676315 1.88496 141010 141010
0.680678 1.88496 138630 138630
0.685042 1.88496 135590 135590
0.689405 1.88496 131730 131730
0.693768 1.88496 127180 127180
0.698132 1.88496 122410 122410
0.702495 1.88496 118030 118030
0.706858 1.88496 114480 114480
0.711222 1.88496 112000 112000
0.715585 1.88496 110620 110620
0.719948 1.88496 110240 110240
0.724312 1.88496 110640 110640
0.728675 1.88496 111470 111470
0.733038 1.88496 112180 112180
0.436332 1.88932 204510 204510
0.440696 1.88932 206820 206820
0.445059 1.88932 208420 208420
0.449422 1.88932 209320 209320
0.453786 1.88932 209640 209640
0.458149 1.88932 209560 209560
0.462512 1.88932 209250 209250
0.466876 1.88932 208860 208860
0.471239 1.88932 208450 208450
0.475602 1.88932 208050 208050
0.479966 1.88932 207650 207650
0.484329 1.88932 207170 207170
0.488692 1.88932 206390 206390
0.493056 1.88932 204630 204630
0.497419 1.88932 200830 200830
0.501782 1.88932 194400 194400
0.506145 1.88932 185930 185930
0.510509 1.88932 176900 176900
0.514872 1.88932 168840 168840
0.519235 1.88932 162580 162580
0.523599 1.88932 157860 157860
0.527962 1.88932 153990 153990
0.532325 1.88932 150590 150590
0.536689 1.88932 147540 147540
0.541052 1.88932 144860 144860
0.545415 1.88932 142520 142520
0.549779 1.88932 140430 140430
0.554142 1.88932 138490 138490
0.558505 1.88932 136630 136630
0.562869 1.88932 134840 134840
0.567232 1.88932 133150 133150
0.571595 1.88932 131610 131610
0.575959 1.88932 130290 130290
0.580322 1.88932 129270 129270
0.584685 1.88932 128600 128600
0.589049 1.88932 128350 128350
0.593412 1.88932 128600 128600
0.597775 1.88932 129430 129430
0.602139 1.88932 130880 130880
0.606502 1.88932 132900 132900
0.610865 1.88932 135310 135310
0.615229 1.88932 137890 137890
0.619592 1.88932 140360 140360
0.623955 1.88932 142510 142510
0.628319 1.88932 144190 144190
0.632682 1.88932 145330 145330
0.637045 1.88932 145930 145930
0.641409 1.88932 146010 146010
0.645772 1.88932 145700 145700
0.650135 1.88932 145110 145110
0.654498 1.88932 144370 144370
0.658862 1.88932 143560 143560
0.663225 1.88932 142710 142710
0.667588 1.88932 141800 141800
0.671952 1.88932 140760 140760
0.676315 1.88932 139430 139430
0.680678 1.88932 137610 137610
0.685042 1.88932 135050 135050
0.689405 1.88932 131620 131620
0.693768 1.88932 127420 127420
0.698132 1.88932 122890 122890
0.702495 1.88932 118610 118610
0.706858 1.88932 115030 115030
0.711222 1.88932 112400 112400
0.715585 1.88932 110800 110800
0.719948 1.88932 110140 110140
0.724312 1.88932 110180 110180
0.728675 1.88932 110540 110540
0.733038 1.88932 110560 110560
0.436332 1.89368 205520 205520
0.440696 1.89368 207580 207580
0.445059 1.89368 208920 208920
0.449422 1.89368 209590 209590
0.453786 1.89368 209690 209690
0.458149 1.89368 209400 209400
0.462512 1.89368 208900 208900
0.466876 1.89368 208310 208310
0.471239 1.89368 207710 207710
0.475602 1.89368 207120 207120
0.479966 1.89368 206520 206520
0.484329 1.89368 205820 205820
0.488692 1.89368 204700 204700
0.493056 1.89368 202250 202250
0.497419 1.89368 197180 197180
0.501782 1.89368 189180 189180
0.506145 1.89368 179890 179890
0.510509 1.89368 171470 171470
0.514872 1.89368 164820 164820
0.519235 1.89368 159660 159660
0.523599 1.89368 155380 155380
0.527962 1.89368 151530 151530
0.532325 1.89368 147970 147970
0.536689 1.89368 144810 144810
0.541052 1.89368 142100 142100
0.545415 1.89368 139820 139820
0.549779 1.89368 137870 137870
0.554142 1.89368 136100 136100
0.558505 1.89368 134450 134450
0.562869 1.89368 132910 132910
0.567232 1.89368 131480 131480
0.571595 1.89368 130220 130220
0.575959 1.89368 129140 129140
0.580322 1.89368 128240 128240
0.584685 1.89368 127500 127500
0.589049 1.89368 126920 126920
0.593412 1.89368 126630 126630
0.597775 1.89368 126830 126830
0.602139 1.89368 127710 127710
0.606502 1.89368 129310 129310
0.610865 1.89368 131480 131480
0.615229 1.89368 133930 133930
0.619592 1.89368 136320 136320
0.623955 1.89368 138400 138400
0.628319 1.89368 140020 140020
0.632682 1.89368 141110 141110
0.637045 1.89368 141680 141680
0.641409 1.89368 141800 141800
0.645772 1.89368 141600 141600
0.650135 1.89368 141240 141240
0.654498 1.89368 140850 140850
0.658862 1.89368 140510 140510
0.663225 1.89368 140220 140220
0.667588 1.89368 139900 139900
0.671952 1.89368 139430 139430
0.676315 1.89368 138630 138630
0.680678 1.89368 137280 137280
0.685042 1.89368 135170 135170
0.689405 1.89368 132140 132140
0.693768 1.89368 128270 128270
0.698132 1.89368 123910 123910
0.702495 1.89368 119610 119610
0.706858 1.89368 115830 115830
0.711222 1.89368 112880 112880
0.715585 1.89368 110850 110850
0.719948 1.89368 109660 109660
0.724312 1.89368 109060 109060
0.728675 1.89368 108550 108550
0.733038 1.89368 107320 107320
0.436332 1.89805 205810 205810
0.440696 1.89805 207610 207610
0.445059 1.89805 208730 208730
0.449422 1.89805 209200 209200
0.453786 1.89805 209140 209140
0.458149 1.89805 208700 208700
0.462512 1.89805 208060 208060
0.466876 1.89805 207330 207330
0.471239 1.89805 206590 206590
0.475602 1.89805 205860 205860
0.479966 1.89805 205100 205100
0.484329 1.89805 204210 204210
0.488692 1.89805 202810 202810
0.493056 1.89805 199960 199960
0.497419 1.89805 194420 194420
0.501782 1.89805 186120 186120
0.506145 1.89805 177030 177030
0.510509 1.89805 169370 169370
0.514872 1.89805 163600 163600
0.519235 1.89805 158990 158990
0.523599 1.89805 154860 154860
0.527962 1.89805 150940 150940
0.532325 1.89805 147270 147270
0.536689 1.89805 144000 144000
0.541052 1.89805 141230 141230
0.545415 1.89805 138940 138940
0.549779 1.89805 137010 137010
0.554142 1.89805 135300 135300
0.558505 1.89805 133740 133740
0.562869 1.89805 132300 132300
0.567232 1.89805 131000 131000
0.571595 1.89805 129830 129830
0.575959 1.89805 128770 128770
0.580322 1.89805 127710 127710
0.584685 1.89805 126500 126500
0.589049 1.89805 125150 125150
0.593412 1.89805 123900 123900
0.597775 1.89805 123200 123200
0.602139 1.89805 123460 123460
0.606502 1.89805 124830 124830
0.610865 1.89805 127100 127100
0.615229 1.89805 129810 129810
0.619592 1.89805 132510 132510
0.623955 1.89805 134850 134850
0.628319 1.89805 136650 136650
0.632682 1.89805 137870 137870
0.637045 1.89805 138540 138540
0.641409 1.89805 138770 138770
0.645772 1.89805 138710 138710
0.650135 1.89805 138570 138570
0.654498 1.89805 138470 138470
0.658862 1.89805 138490 138490
0.663225 1.89805 138630 138630
0.667588 1.89805 138780 138780
0.671952 1.89805 138760 138760
0.676315 1.89805 138390 138390
0.680678 1.89805 137450 137450
0.685042 1.89805 135740 135740
0.689405 1.89805 133070 133070
0.693768 1.89805 129480 129480
0.698132 1.89805 125230 125230
0.702495 1.89805 120810 120810
0.706858 1.89805 116690 116690
0.711222 1.89805 113220 113220
0.715585 1.89805 110530 110530
0.719948 1.89805 108530 108530
0.724312 1.89805 106950 106950
0.728675 1.89805 105190 105190
0.733038 1.89805 102320 102320
0.436332 1.90241 205640 205640
0.440696 1.90241 207180 207180
0.445059 1.90241 208090 208090
0.449422 1.90241 208400 208400
0.453786 1.90241 208210 208210
0.458149 1.90241 207680 207680
0.462512 1.90241 206950 206950
0.466876 1.90241 206130 206130
0.471239 1.90241 205310 205310
0.475602 1.90241 204480 204480
0.479966 1.90241 203600 203600
0.484329 1.90241 202560 202560
0.488692 1.90241 201030 201030
0.493056 1.90241 198200 198200
0.497419 1.90241 193110 193110
0.501782 1.90241 185730 185730
0.506145 1.90241 177610 177610
0.510509 1.90241 170530 170530
0.514872 1.90241 164920 164920
0.519235 1.90241 160300 160300
0.523599 1.90241 156140 156140
0.527962 1.90241 152220 152220
0.532325 1.90241 148550 148550
0.536689 1.90241 145270 145270
0.541052 1.90241 142440 142440
0.545415 1.90241 140080 140080
0.549779 1.90241 138080 138080
0.554142 1.90241 136290 136290
0.558505 1.90241 134670 134670
0.562869 1.90241 133180 133180
0.567232 1.90241 131810 131810
0.571595 1.90241 130520 130520
0.575959 1.90241 129210 129210
0.580322 1.90241 127650 127650
0.584685 1.90241 125510 125510
0.589049 1.90241 122820 122820
0.593412 1.90241 120120 120120
0.597775 1.90241 118260 118260
0.602139 1.90241 117950 117950
0.606502 1.90241 119380 119380
0.610865 1.90241 122170 122170
0.615229 1.90241 125630 125630
0.619592 1.90241 129060 129060
0.623955 1.90241 131980 131980
0.628319 1.90241 134170 134170
0.632682 1.90241 135630 135630
0.637045 1.90241 136450 136450
0.641409 1.90241 136800 136800
0.645772 1.90241 136860 136860
0.650135 1.90241 136850 136850
0.654498 1.90241 136940 136940
0.658862 1.90241 137220 137220
0.663225 1.90241 137680 137680
0.667588 1.90241 138180 138180
0.671952 1.90241 138530 138530
0.676315 1.90241 138520 138520
0.680678 1.90241 137910 137910
0.685042 1.90241 136520 136520
0.689405 1.90241 134170 134170
0.693768 1.90241 130800 130800
0.698132 1.90241 126610 126610
0.702495 1.90241 121980 121980
0.706858 1.90241 117400 117400
0.711222 1.90241 113250 113250
0.715585 1.90241 109630 109630
0.719948 1.90241 106510 106510
0.724312 1.90241 103660 103660
0.728675 1.90241 100520 100520
0.733038 1.90241 96250  96250
0.436332 1.90677 205300 205300
0.440696 1.90677 206610 206610
0.445059 1.90677 207330 207330
0.449422 1.90677 207490 207490
0.453786 1.90677 207200 207200
0.458149 1.90677 206600 206600
0.462512 1.90677 205820 205820
0.466876 1.90677 204960 204960
0.471239 1.90677 204080 204080
0.475602 1.90677 203180 203180
0.479966 1.90677 202220 202220
0.484329 1.90677 201110 201110
0.488692 1.90677 199630 199630
0.493056 1.90677 197220 197220
0.497419 1.90677 193190 193190
0.501782 1.90677 187400 187400
0.506145 1.90677 180630 180630
0.510509 1.90677 174000 174000
0.514872 1.90677 168170 168170
0.519235 1.90677 163220 163220
0.523599 1.90677 158930 158930
0.527962 1.90677 155080 155080
0.532325 1.90677 151550 151550
0.536689 1.90677 148360 148360
0.541052 1.90677 145540 145540
0.545415 1.90677 143100 143100
0.549779 1.90677 140950 140950
0.554142 1.90677 138980 138980
0.558505 1.90677 137160 137160
0.562869 1.90677 135470 135470
0.567232 1.90677 133850 133850
0.571595 1.90677 132240 132240
0.575959 1.90677 130450 130450
0.580322 1.90677 127990 127990
0.584685 1.90677 124300 124300
0.589049 1.90677 119480 119480
0.593412 1.90677 114690 114690
0.597775 1.90677 111480 111480
0.602139 1.90677 110880 110880
0.606502 1.90677 112910 112910
0.610865 1.90677 116820 116820
0.615229 1.90677 121550 121550
0.619592 1.90677 126090 126090
0.623955 1.90677 129810 129810
0.628319 1.90677 132500 132500
0.632682 1.90677 134260 134260
0.637045 1.90677 135250 135250
0.641409 1.90677 135670 135670
0.645772 1.90677 135780 135780
0.650135 1.90677 135820 135820
0.654498 1.90677 135990 135990
0.658862 1.90677 136430 136430
0.663225 1.90677 137090 137090
0.667588 1.90677 137850 137850
0.671952 1.90677 138480 138480
0.676315 1.90677 138740 138740
0.680678 1.90677 138400 138400
0.685042 1.90677 137260 137260
0.689405 1.90677 135140 135140
0.693768 1.90677 131960 131960
0.698132 1.90677 127770 127770
0.702495 1.90677 122880 122880
0.706858 1.90677 117750 117750
0.711222 1.90677 112760 112760
0.715585 1.90677 108010 108010
0.719948 1.90677 103530 103530
0.724312 1.90677 99310  99310
0.728675 1.90677 95070  95070
0.733038 1.90677 90280  90280
0.436332 1.91114 205050 205050
0.440696 1.91114 206170 206170
0.445059 1.91114 206720 206720
0.449422 1.91114 206760 206760
0.453786 1.91114 206380 206380
0.458149 1.91114 205730 205730
0.462512 1.91114 204920 204920
0.466876 1.91114 204040 204040
0.471239 1.91114 203120 203120
0.475602 1.91114 202180 202180
0.479966 1.91114 201170 201170
0.484329 1.91114 200080 200080
0.488692 1.91114 198760 198760
0.493056 1.91114 196920 196920
0.497419 1.91114 194100 194100
0.501782 1.91114 189980 189980
0.506145 1.91114 184660 184660
0.510509 1.91114 178670 178670
0.514872 1.91114 172720 172720
0.519235 1.91114 167410 167410
0.523599 1.91114 162900 162900
0.527962 1.91114 159070 159070
0.532325 1.91114 155750 155750
0.536689 1.91114 152770 152770
0.541052 1.91114 150080 150080
0.545415 1.91114 147610 147610
0.549779 1.91114 145280 145280
0.554142 1.91114 143050 143050
0.558505 1.91114 140920 140920
0.562869 1.91114 138900 138900
0.567232 1.91114 136920 136920
0.571595 1.91114 134860 134860
0.575959 1.91114 132380 132380
0.580322 1.91114 128660 128660
0.584685 1.91114 122700 122700
0.589049 1.91114 114750 114750
0.593412 1.91114 107050 107050
0.597775 1.91114 102370 102370
0.602139 1.91114 102020 102020
0.606502 1.91114 105520 105520
0.610865 1.91114 111360 111360
0.615229 1.91114 117850 117850
0.619592 1.91114 123710 123710
0.623955 1.91114 128270 128270
0.628319 1.91114 131450 131450
0.632682 1.91114 133470 133470
0.637045 1.91114 134570 134570
0.641409 1.91114 135020 135020
0.645772 1.91114 135110 135110
0.650135 1.91114 135110 135110
0.654498 1.91114 135280 135280
0.658862 1.91114 135760 135760
0.663225 1.91114 136540 136540
0.667588 1.91114 137480 137480
0.671952 1.91114 138310 138310
0.676315 1.91114 138770 138770
0.680678 1.91114 138620 138620
0.685042 1.91114 137660 137660
0.689405 1.91114 135700 135700
0.693768 1.91114 132610 132610
0.698132 1.91114 128360 128360
0.702495 1.91114 123160 123160
0.706858 1.91114 117450 117450
0.711222 1.91114 111560 111560
0.715585 1.91114 105620 105620
0.719948 1.91114 99800  99800
0.724312 1.91114 94480  94480
0.728675 1.91114 89790  89790
0.733038 1.91114 85420  85420
0.436332 1.9155 205090  05090
0.440696 1.9155 206090  06090
0.445059 1.9155 206520  06520
0.449422 1.9155 206460  06460
0.453786 1.9155 206010  06010
0.458149 1.9155 205320  05320
0.462512 1.9155 204470  04470
0.466876 1.9155 203560  03560
0.471239 1.9155 202610  02610
0.475602 1.9155 201630  01630
0.479966 1.9155 200620  00620
0.484329 1.9155 199580  99580
0.488692 1.9155 198460  98460
0.493056 1.9155 197120  97120
0.497419 1.9155 195260  95260
0.501782 1.9155 192500  92500
0.506145 1.9155 188580  88580
0.510509 1.9155 183560  83560
0.514872 1.9155 177980  77980
0.519235 1.9155 172530  72530
0.523599 1.9155 167740  67740
0.527962 1.9155 163820  63820
0.532325 1.9155 160640  60640
0.536689 1.9155 157940  57940
0.541052 1.9155 155490  55490
0.545415 1.9155 153120  53120
0.549779 1.9155 150690  50690
0.554142 1.9155 148170  48170
0.558505 1.9155 145670  45670
0.562869 1.9155 143240  43240
0.567232 1.9155 140800  40800
0.571595 1.9155 138200  38200
0.575959 1.9155 134970  34970
0.580322 1.9155 129850  29850
0.584685 1.9155 121300  21300
0.589049 1.9155 109680  09680
0.593412 1.9155 98580   8580
0.597775 1.9155 92290   2290
0.602139 1.9155 92520   2520
0.606502 1.9155 98130   8130
0.610865 1.9155 106470  06470
0.615229 1.9155 114930  14930
0.619592 1.9155 121990  21990
0.623955 1.9155 127210  27210
0.628319 1.9155 130740  30740
0.632682 1.9155 132910  32910
0.637045 1.9155 134030  34030
0.641409 1.9155 134430  34430
0.645772 1.9155 134410  34410
0.650135 1.9155 134290  34290
0.654498 1.9155 134370  34370
0.658862 1.9155 134830  34830
0.663225 1.9155 135670  35670
0.667588 1.9155 136730  36730
0.671952 1.9155 137710  37710
0.676315 1.9155 138310  38310
0.680678 1.9155 138290  38290
0.685042 1.9155 137430  37430
0.689405 1.9155 135540  35540
0.693768 1.9155 132440  32440
0.698132 1.9155 128050  28050
0.702495 1.9155 122510  22510
0.706858 1.9155 116230  16230
0.711222 1.9155 109520  09520
0.715585 1.9155 102520  02520
0.719948 1.9155 95670   5670
0.724312 1.9155 89830   9830
0.728675 1.9155 85480   5480
0.733038 1.9155 82140   2140
0.436332 1.91986 205560 205560
0.440696 1.91986 206490 206490
0.445059 1.91986 206850 206850
0.449422 1.91986 206730 206730
0.453786 1.91986 206240 206240
0.458149 1.91986 205500 205500
0.462512 1.91986 204620 204620
0.466876 1.91986 203670 203670
0.471239 1.91986 202680 202680
0.475602 1.91986 201670 201670
0.479966 1.91986 200660 200660
0.484329 1.91986 199650 199650
0.488692 1.91986 198670 198670
0.493056 1.91986 197650 197650
0.497419 1.91986 196400 196400
0.501782 1.91986 194580 194580
0.506145 1.91986 191850 191850
0.510509 1.91986 188010 188010
0.514872 1.91986 183260 183260
0.519235 1.91986 178100 178100
0.523599 1.91986 173210 173210
0.527962 1.91986 169110 169110
0.532325 1.91986 165910 165910
0.536689 1.91986 163410 163410
0.541052 1.91986 161260 161260
0.545415 1.91986 159120 159120
0.549779 1.91986 156760 156760
0.554142 1.91986 154120 154120
0.558505 1.91986 151290 151290
0.562869 1.91986 148390 148390
0.567232 1.91986 145380 145380
0.571595 1.91986 142130 142130
0.575959 1.91986 138140 138140
0.580322 1.91986 131930 131930
0.584685 1.91986 121550 121550
0.589049 1.91986 107290 107290
0.593412 1.91986 93470  93470
0.597775 1.91986 85460  85460
0.602139 1.91986 85650  85650
0.606502 1.91986 92780  92780
0.610865 1.91986 103160 103160
0.615229 1.91986 113160 113160
0.619592 1.91986 121010 121010
0.623955 1.91986 126540 126540
0.628319 1.91986 130150 130150
0.632682 1.91986 132280 132280
0.637045 1.91986 133290 133290
0.641409 1.91986 133520 133520
0.645772 1.91986 133300 133300
0.650135 1.91986 132990 132990
0.654498 1.91986 132910 132910
0.658862 1.91986 133290 133290
0.663225 1.91986 134150 134150
0.667588 1.91986 135290 135290
0.671952 1.91986 136390 136390
0.676315 1.91986 137100 137100
0.680678 1.91986 137160 137160
0.685042 1.91986 136330 136330
0.689405 1.91986 134390 134390
0.693768 1.91986 131170 131170
0.698132 1.91986 126550 126550
0.702495 1.91986 120690 120690
0.706858 1.91986 113940 113940
0.711222 1.91986 106610 106610
0.715585 1.91986 98930  98930
0.719948 1.91986 91560  91560
0.724312 1.91986 85810  85810
0.728675 1.91986 82310  82310
0.733038 1.91986 80190  80190
